State,County Name,Hospital Name
AK,ANCHORAGE,3
AK,BETHEL,1
AK,DILLINGHAM,1
AK,FAIRBANKS NORTH STAR,1
AK,JUNEAU,1
AK,KENAI PENINSULA,3
AK,KETCHIKAN GATEWAY,1
AK,KODIAK ISLAND BOROUGH,1
AK,MATANUSKA-SUSITNA,1
AK,NOME,1
AK,NORTHWEST ARTIC BOROUGH,1
AK,SITKA BOROUGH,2
AL,AUTAUGA,1
AL,BALDWIN,3
AL,BARBOUR,1
AL,BIBB,1
AL,BLOUNT,1
AL,BULLOCK,1
AL,BUTLER,2
AL,CALHOUN,3
AL,CHEROKEE,1
AL,CHILTON,1
AL,CHOCTAW,1
AL,CLARKE,2
AL,CLAY,1
AL,COFFEE,1
AL,COLBERT,2
AL,CONECUH,1
AL,COVINGTON,2
AL,CRENSHAW,1
AL,CULLMAN,1
AL,DALE,1
AL,DALLAS,1
AL,DE KALB,1
AL,ELMORE,2
AL,ESCAMBIA,2
AL,ETOWAH,2
AL,FAYETTE,2
AL,FRANKLIN,2
AL,GENEVA,1
AL,GREENE,1
AL,HALE,1
AL,HOUSTON,2
AL,JACKSON,1
AL,JEFFERSON,9
AL,LAUDERDALE,1
AL,LAWRENCE,1
AL,LEE,1
AL,LIMESTONE,2
AL,MADISON,2
AL,MARENGO,1
AL,MARION,1
AL,MARSHALL,1
AL,MOBILE,5
AL,MONROE,1
AL,MONTGOMERY,3
AL,MORGAN,1
AL,PICKENS,1
AL,PIKE,1
AL,RANDOLPH,1
AL,RUSSELL,1
AL,SHELBY,1
AL,ST. CLAIR,1
AL,SUMTER,1
AL,TALLADEGA,2
AL,TALLAPOOSA,2
AL,TUSCALOOSA,1
AL,WALKER,1
AL,WASHINGTON,1
AL,WILCOX,1
AL,WINSTON,1
AR,ARKANSAS,2
AR,ASHLEY,1
AR,BAXTER,2
AR,BENTON,3
AR,BOONE,1
AR,BRADLEY,1
AR,CARROLL,2
AR,CHICOT,1
AR,CLARK,1
AR,CLAY,1
AR,CLEBURNE,1
AR,COLUMBIA,1
AR,CONWAY,1
AR,CRAIGHEAD,2
AR,CRAWFORD,1
AR,CROSS,1
AR,DALLAS,1
AR,DESHA,2
AR,DREW,1
AR,FAULKNER,2
AR,FRANKLIN,1
AR,FULTON,1
AR,GARLAND,3
AR,GREENE,1
AR,HEMPSTEAD,1
AR,HOT SPRING,1
AR,HOWARD,1
AR,INDEPENDENCE,1
AR,JEFFERSON,1
AR,JOHNSON,1
AR,LAWRENCE,1
AR,LITTLE RIVER,1
AR,LOGAN,2
AR,MISSISSIPPI,2
AR,OUACHITA,1
AR,PHILLIPS,1
AR,POLK,1
AR,POPE,1
AR,PULASKI,9
AR,RANDOLPH,1
AR,SALINE,1
AR,SCOTT,1
AR,SEBASTIAN,2
AR,SEVIER,1
AR,ST. FRANCIS,1
AR,STONE,1
AR,UNION,1
AR,VAN BUREN,1
AR,WASHINGTON,4
AR,WHITE,1
AR,YELL,2
AZ,APACHE,4
AZ,COCHISE,4
AZ,COCONINO,3
AZ,GILA,3
AZ,GRAHAM,1
AZ,LAPAZ,2
AZ,MARICOPA,35
AZ,MOHAVE,4
AZ,NAVAJO,4
AZ,PIMA,9
AZ,PINAL,4
AZ,SANTA CRUZ,1
AZ,YAVAPAI,2
AZ,YUMA,1
CA,ALAMEDA,13
CA,AMADOR,1
CA,BUTTE,4
CA,CALAVERAS,1
CA,CONTRA COSTA,7
CA,DEL NORTE,1
CA,EL DORADO,2
CA,FRESNO,7
CA,GLENN,1
CA,HUMBOLDT,4
CA,IMPERIAL,2
CA,INYO,2
CA,KERN,10
CA,KINGS,1
CA,LAKE,2
CA,LASSEN,1
CA,LOS ANGELES,80
CA,MADERA,2
CA,MARIN,3
CA,MARIPOSA,1
CA,MENDOCINO,3
CA,MERCED,2
CA,MODOC,2
CA,MONO,1
CA,MONTEREY,4
CA,NAPA,2
CA,NEVADA,2
CA,ORANGE,27
CA,PLACER,3
CA,PLUMAS,3
CA,RIVERSIDE,16
CA,SACRAMENTO,9
CA,SAN BENITO,1
CA,SAN BERNARDINO,18
CA,SAN DIEGO,16
CA,SAN FRANCISCO,10
CA,SAN JOAQUIN,7
CA,SAN LUIS OBISPO,3
CA,SAN MATEO,7
CA,SANTA BARBARA,5
CA,SANTA CLARA,10
CA,SANTA CRUZ,3
CA,SHASTA,4
CA,SISKIYOU,2
CA,SOLANO,4
CA,SONOMA,8
CA,STANISLAUS,5
CA,SUTTER,1
CA,TEHAMA,1
CA,TRINITY,1
CA,TULARE,3
CA,TUOLUMNE,1
CA,VENTURA,7
CA,YOLO,2
CA,YUBA,1
CO,ADAMS,5
CO,ALAMOSA,1
CO,ARAPAHOE,3
CO,ARCHULETA,1
CO,BACA,1
CO,BOULDER,5
CO,BROOMFIELD,1
CO,CHAFFEE,1
CO,CHEYENNE,1
CO,CONEJOS,1
CO,DELTA,1
CO,DENVER,6
CO,DOUGLAS,3
CO,EAGLE,1
CO,EL PASO,3
CO,FREMONT,1
CO,GARFIELD,2
CO,GRAND,1
CO,GUNNISON,1
CO,HUERFANO,1
CO,JEFFERSON,4
CO,KIOWA,1
CO,KIT CARSON,1
CO,LA PLATA,2
CO,LAKE,1
CO,LARIMER,5
CO,LAS ANIMAS,1
CO,LINCOLN,1
CO,LOGAN,1
CO,MESA,3
CO,MOFFAT,1
CO,MONTEZUMA,1
CO,MONTROSE,1
CO,MORGAN,2
CO,OTERO,1
CO,PHILLIPS,2
CO,PITKIN,1
CO,PROWERS,1
CO,PUEBLO,2
CO,RIO BLANCO,2
CO,RIO GRANDE,1
CO,ROUTT,1
CO,SEDGWICK,1
CO,SUMMIT,1
CO,TELLER,1
CO,WELD,1
CO,YUMA,2
CT,FAIRFIELD,6
CT,HARTFORD,8
CT,LITCHFIELD,2
CT,MIDDLESEX,1
CT,NEW HAVEN,8
CT,NEW LONDON,2
CT,TOLLAND,2
CT,WINDHAM,2
DC,THE DISTRICT,8
DE,KENT,1
DE,NEW CASTLE,3
DE,SUSSEX,3
FL,ALACHUA,2
FL,BAKER,1
FL,BAY,2
FL,BRADFORD,1
FL,BREVARD,7
FL,BROWARD,14
FL,CALHOUN,1
FL,CHARLOTTE,3
FL,CITRUS,2
FL,CLAY,2
FL,COLLIER,2
FL,COLUMBIA,2
FL,DE SOTO,1
FL,DUVAL,7
FL,ESCAMBIA,3
FL,FLAGLER,1
FL,FRANKLIN,1
FL,GADSDEN,1
FL,GULF,1
FL,HARDEE,1
FL,HENDRY,1
FL,HERNANDO,2
FL,HIGHLANDS,2
FL,HILLSBOROUGH,10
FL,HOLMES,1
FL,INDIAN RIVER,2
FL,JACKSON,1
FL,LAKE,4
FL,LEE,4
FL,LEON,2
FL,LEVY,1
FL,MADISON,1
FL,MANATEE,3
FL,MARION,2
FL,MARTIN,1
FL,MIAMI-DADE,19
FL,MONROE,3
FL,NASSAU,1
FL,OKALOOSA,3
FL,OKEECHOBEE,1
FL,ORANGE,4
FL,OSCEOLA,3
FL,PALM BEACH,12
FL,PASCO,6
FL,PINELLAS,11
FL,POLK,5
FL,PUTNAM,1
FL,SANTA ROSA,3
FL,SARASOTA,4
FL,SEMINOLE,2
FL,ST. JOHNS,1
FL,ST. LUCIE,2
FL,SUWANNEE,1
FL,TAYLOR,1
FL,UNION,1
FL,VOLUSIA,5
FL,WALTON,2
FL,WASHINGTON,1
GA,APPLING,1
GA,BACON,1
GA,BALDWIN,1
GA,BARROW,1
GA,BARTOW,1
GA,BEN HILL,1
GA,BERRIEN,1
GA,BIBB,3
GA,BLECKLEY,1
GA,BROOKS,1
GA,BULLOCH,1
GA,BURKE,1
GA,BUTTS,1
GA,CAMDEN,1
GA,CANDLER,1
GA,CARROLL,2
GA,CATOOSA,1
GA,CHATHAM,3
GA,CHEROKEE,1
GA,CLARKE,2
GA,CLAYTON,1
GA,CLINCH,1
GA,COBB,2
GA,COFFEE,1
GA,COLQUITT,2
GA,COOK,1
GA,COWETA,2
GA,CRISP,1
GA,DE KALB,4
GA,DECATUR,1
GA,DODGE,1
GA,DOOLY,1
GA,DOUGHERTY,1
GA,DOUGLAS,1
GA,EARLY,1
GA,EFFINGHAM,1
GA,ELBERT,1
GA,EMANUEL,1
GA,EVANS,1
GA,FANNIN,1
GA,FAYETTE,1
GA,FLOYD,2
GA,FORSYTH,1
GA,FRANKLIN,1
GA,FULTON,8
GA,GLYNN,1
GA,GORDON,1
GA,GRADY,1
GA,GREENE,1
GA,GWINNETT,3
GA,HABERSHAM,1
GA,HALL,1
GA,HARALSON,1
GA,HENRY,1
GA,HOUSTON,2
GA,IRWIN,1
GA,JACKSON,1
GA,JASPER,1
GA,JEFF DAVIS,1
GA,JEFFERSON,1
GA,JENKINS,1
GA,LANIER,1
GA,LAURENS,1
GA,LIBERTY,1
GA,LOWNDES,1
GA,LUMPKIN,1
GA,MC DUFFIE,1
GA,MERIWETHER,1
GA,MILLER,1
GA,MITCHELL,1
GA,MONROE,1
GA,MORGAN,1
GA,MURRAY,1
GA,MUSCOGEE,3
GA,NEWTON,1
GA,PAULDING,1
GA,PEACH,1
GA,PICKENS,1
GA,POLK,1
GA,PULASKI,1
GA,PUTNAM,1
GA,RABUN,1
GA,RANDOLPH,1
GA,RICHMOND,3
GA,ROCKDALE,1
GA,SCREVEN,1
GA,SEMINOLE,1
GA,SPALDING,1
GA,STEPHENS,1
GA,SUMTER,1
GA,TATTNALL,1
GA,THOMAS,1
GA,TIFT,1
GA,TOOMBS,1
GA,TOWNS,1
GA,TROUP,1
GA,UNION,1
GA,UPSON,1
GA,WALTON,1
GA,WARE,1
GA,WASHINGTON,1
GA,WAYNE,1
GA,WHITFIELD,1
GA,WILKES,1
GA,WORTH,1
HI,HAWAII,6
HI,HONOLULU,10
HI,KAUAI,3
HI,MAUI,4
IA,ADAIR,1
IA,ADAMS,1
IA,ALLAMAKEE,1
IA,APPANOOSE,1
IA,AUDUBON,1
IA,BENTON,1
IA,BLACK HAWK,3
IA,BOONE,1
IA,BREMER,2
IA,BUCHANAN,1
IA,BUENA VISTA,1
IA,CALHOUN,1
IA,CARROLL,2
IA,CASS,1
IA,CERRO GORDO,1
IA,CHEROKEE,1
IA,CHICKASAW,1
IA,CLARKE,1
IA,CLAY,1
IA,CLAYTON,2
IA,CLINTON,2
IA,CRAWFORD,1
IA,DALLAS,1
IA,DAVIS,1
IA,DECATUR,1
IA,DELAWARE,1
IA,DES MOINES,1
IA,DICKINSON,1
IA,DUBUQUE,3
IA,EMMET,1
IA,FAYETTE,2
IA,FLOYD,1
IA,FRANKLIN,1
IA,FREMONT,1
IA,GREENE,1
IA,GRUNDY,1
IA,GUTHRIE,1
IA,HAMILTON,1
IA,HANCOCK,1
IA,HARDIN,1
IA,HARRISON,1
IA,HENRY,1
IA,HOWARD,1
IA,HUMBOLDT,1
IA,IDA,1
IA,IOWA,1
IA,JACKSON,1
IA,JASPER,1
IA,JEFFERSON,1
IA,JOHNSON,2
IA,JONES,1
IA,KEOKUK,1
IA,KOSSUTH,1
IA,LEE,2
IA,LINN,2
IA,LUCAS,1
IA,LYON,1
IA,MADISON,1
IA,MAHASKA,1
IA,MARION,2
IA,MARSHALL,1
IA,MITCHELL,1
IA,MONONA,1
IA,MONROE,1
IA,MONTGOMERY,1
IA,MUSCATINE,1
IA,OBRIEN,2
IA,OSCEOLA,1
IA,PAGE,2
IA,PALO ALTO,1
IA,PLYMOUTH,1
IA,POCAHONTAS,1
IA,POLK,4
IA,POTTAWATTAMIE,2
IA,POWESHIEK,1
IA,RINGGOLD,1
IA,SAC,1
IA,SCOTT,2
IA,SHELBY,1
IA,SIOUX,4
IA,STORY,2
IA,UNION,1
IA,VAN BUREN,1
IA,WAPELLO,1
IA,WASHINGTON,1
IA,WAYNE,1
IA,WEBSTER,1
IA,WINNESHIEK,1
IA,WOODBURY,2
IA,WRIGHT,2
ID,ADA,3
ID,BANNOCK,1
ID,BEAR LAKE,1
ID,BENEWAH,1
ID,BINGHAM,2
ID,BLAINE,1
ID,BONNER,1
ID,BONNEVILLE,2
ID,BOUNDARY,1
ID,BUTTE,1
ID,CANYON,3
ID,CARIBOU,1
ID,CASSIA,1
ID,CLEARWATER,1
ID,ELMORE,1
ID,FRANKLIN,1
ID,GEM,1
ID,GOODING,1
ID,IDAHO,2
ID,JEROME,1
ID,KOOTENAI,2
ID,LATAH,1
ID,LEMHI,1
ID,MADISON,1
ID,MINIDOKA,1
ID,NEZ PERCE,1
ID,ONEIDA,1
ID,POWER,1
ID,SHOSHONE,1
ID,TETON,1
ID,TWIN FALLS,1
ID,VALLEY,2
ID,WASHINGTON,1
IL,ADAMS,1
IL,BOND,1
IL,BUREAU,2
IL,CHAMPAIGN,2
IL,CHRISTIAN,2
IL,CLAY,1
IL,CLINTON,1
IL,COLES,1
IL,COOK,49
IL,CRAWFORD,1
IL,DE KALB,2
IL,DE WITT,1
IL,DU PAGE,6
IL,EDGAR,1
IL,EFFINGHAM,1
IL,FAYETTE,1
IL,FORD,1
IL,FRANKLIN,1
IL,FULTON,1
IL,GREENE,1
IL,GRUNDY,1
IL,HAMILTON,1
IL,HANCOCK,1
IL,HARDIN,1
IL,HENRY,2
IL,IROQUOIS,1
IL,JACKSON,2
IL,JEFFERSON,2
IL,JERSEY,1
IL,JO DAVIESS,1
IL,KANE,5
IL,KANKAKEE,2
IL,KNOX,2
IL,LA SALLE,3
IL,LAKE,6
IL,LAWRENCE,1
IL,LEE,1
IL,LIVINGSTON,1
IL,LOGAN,1
IL,MACON,2
IL,MACOUPIN,2
IL,MADISON,5
IL,MARION,2
IL,MASON,1
IL,MASSAC,1
IL,MC DONOUGH,1
IL,MC HENRY,3
IL,MC LEAN,2
IL,MERCER,1
IL,MONTGOMERY,2
IL,MORGAN,1
IL,OGLE,1
IL,PEORIA,3
IL,PERRY,2
IL,PIATT,1
IL,PIKE,1
IL,RANDOLPH,3
IL,RICHLAND,1
IL,ROCK ISLAND,2
IL,SALINE,2
IL,SANGAMON,2
IL,SCHUYLER,1
IL,SHELBY,1
IL,ST. CLAIR,4
IL,STEPHENSON,1
IL,TAZEWELL,2
IL,UNION,1
IL,VERMILION,2
IL,WABASH,1
IL,WARREN,1
IL,WASHINGTON,1
IL,WAYNE,1
IL,WHITESIDE,2
IL,WILL,3
IL,WILLIAMSON,2
IL,WINNEBAGO,3
IL,WOODFORD,1
IN,ADAMS,1
IN,ALLEN,6
IN,BARTHOLOMEW,1
IN,BLACKFORD,1
IN,BOONE,1
IN,CASS,1
IN,CLARK,2
IN,CLAY,1
IN,CLINTON,1
IN,DAVIESS,1
IN,DE KALB,1
IN,DEARBORN,1
IN,DECATUR,1
IN,DELAWARE,1
IN,DUBOIS,1
IN,ELKHART,2
IN,FAYETTE,1
IN,FLOYD,2
IN,FRANKLIN,1
IN,FULTON,1
IN,GIBSON,1
IN,GRANT,1
IN,GREENE,1
IN,HAMILTON,6
IN,HANCOCK,1
IN,HARRISON,1
IN,HENDRICKS,2
IN,HENRY,1
IN,HOWARD,2
IN,HUNTINGTON,1
IN,JACKSON,1
IN,JASPER,1
IN,JAY,1
IN,JEFFERSON,1
IN,JENNINGS,1
IN,JOHNSON,1
IN,KNOX,1
IN,KOSCIUSKO,1
IN,LA PORTE,2
IN,LAGRANGE,1
IN,LAKE,9
IN,LAWRENCE,2
IN,MADISON,3
IN,MARION,9
IN,MARSHALL,2
IN,MIAMI,1
IN,MONROE,2
IN,MONTGOMERY,1
IN,MORGAN,1
IN,NOBLE,1
IN,ORANGE,1
IN,PERRY,1
IN,PORTER,1
IN,PULASKI,1
IN,PUTNAM,1
IN,RANDOLPH,1
IN,RUSH,1
IN,SCOTT,1
IN,SHELBY,1
IN,ST. JOSEPH,3
IN,STARKE,1
IN,STEUBEN,1
IN,SULLIVAN,1
IN,TIPPECANOE,2
IN,TIPTON,1
IN,VANDERBURGH,2
IN,VERMILLION,1
IN,VIGO,2
IN,WABASH,1
IN,WARREN,1
IN,WARRICK,3
IN,WASHINGTON,1
IN,WAYNE,1
IN,WELLS,1
IN,WHITE,1
IN,WHITLEY,1
KS,ALLEN,1
KS,ANDERSON,1
KS,ATCHISON,1
KS,BARBER,2
KS,BARTON,3
KS,BOURBON,1
KS,BROWN,2
KS,BUTLER,2
KS,CHAUTAUQUA,1
KS,CHEROKEE,2
KS,CHEYENNE,1
KS,CLARK,1
KS,CLAY,1
KS,CLOUD,1
KS,COFFEY,1
KS,COMANCHE,1
KS,COWLEY,2
KS,CRAWFORD,2
KS,DECATUR,1
KS,DICKINSON,2
KS,DOUGLAS,1
KS,EDWARDS,1
KS,ELLIS,1
KS,ELLSWORTH,1
KS,FINNEY,1
KS,FORD,2
KS,FRANKLIN,1
KS,GEARY,1
KS,GOVE,1
KS,GRAHAM,1
KS,GRANT,1
KS,GREELEY,1
KS,GREENWOOD,1
KS,HAMILTON,1
KS,HARPER,1
KS,HARVEY,1
KS,HASKELL,1
KS,HODGEMAN,1
KS,JACKSON,1
KS,JEFFERSON,1
KS,JEWELL,1
KS,JOHNSON,10
KS,KEARNY,1
KS,KINGMAN,1
KS,KIOWA,1
KS,LABETTE,2
KS,LANE,1
KS,LEAVENWORTH,2
KS,LINCOLN,1
KS,LOGAN,1
KS,LYON,1
KS,MARION,2
KS,MARSHALL,1
KS,MCPHERSON,3
KS,MEADE,1
KS,MIAMI,1
KS,MITCHELL,1
KS,MONTGOMERY,1
KS,MORRIS,1
KS,MORTON,1
KS,NEMAHA,2
KS,NEOSHO,1
KS,NESS,2
KS,NORTON,1
KS,OSBORNE,1
KS,OTTAWA,1
KS,PAWNEE,1
KS,PHILLIPS,1
KS,POTTAWATOMIE,2
KS,PRATT,1
KS,RAWLINS,1
KS,RENO,2
KS,REPUBLIC,1
KS,RICE,1
KS,RILEY,2
KS,ROOKS,1
KS,RUSH,1
KS,RUSSELL,1
KS,SALINE,2
KS,SCOTT,1
KS,SEDGWICK,6
KS,SEWARD,1
KS,SHAWNEE,2
KS,SHERIDAN,1
KS,SHERMAN,1
KS,SMITH,1
KS,STAFFORD,1
KS,STANTON,1
KS,STEVENS,1
KS,SUMNER,2
KS,THOMAS,1
KS,TREGO,1
KS,WASHINGTON,2
KS,WICHITA,1
KS,WILSON,2
KS,WYANDOTTE,2
KY,ADAIR,1
KY,ALLEN,1
KY,BARREN,1
KY,BELL,2
KY,BOONE,1
KY,BOURBON,1
KY,BOYD,2
KY,BOYLE,1
KY,BREATHITT,1
KY,BRECKINRIDGE,1
KY,CALDWELL,1
KY,CALLOWAY,1
KY,CAMPBELL,1
KY,CARROLL,1
KY,CASEY,1
KY,CHRISTIAN,1
KY,CLARK,1
KY,CLAY,1
KY,CLINTON,1
KY,CRITTENDEN,1
KY,CUMBERLAND,1
KY,DAVIESS,1
KY,ESTILL,1
KY,FAYETTE,4
KY,FLEMING,1
KY,FLOYD,3
KY,FRANKLIN,1
KY,GRANT,1
KY,GRAVES,1
KY,GRAYSON,1
KY,GREEN,1
KY,HARDIN,1
KY,HARLAN,1
KY,HARRISON,1
KY,HART,1
KY,HENDERSON,1
KY,HOPKINS,1
KY,JEFFERSON,4
KY,JOHNSON,1
KY,KENTON,1
KY,KNOX,1
KY,LAUREL,1
KY,LAWRENCE,1
KY,LESLIE,1
KY,LETCHER,1
KY,LINCOLN,1
KY,LIVINGSTON,1
KY,LOGAN,1
KY,MADISON,2
KY,MARION,1
KY,MARSHALL,1
KY,MASON,1
KY,MC CRACKEN,2
KY,MERCER,1
KY,MONROE,1
KY,MONTGOMERY,1
KY,MORGAN,1
KY,MUHLENBERG,1
KY,NELSON,1
KY,OHIO,1
KY,OLDHAM,1
KY,PERRY,1
KY,PIKE,2
KY,PULASKI,1
KY,ROCKCASTLE,1
KY,ROWAN,1
KY,RUSSELL,1
KY,SCOTT,1
KY,SHELBY,1
KY,SIMPSON,1
KY,TAYLOR,1
KY,TRIGG,1
KY,UNION,1
KY,WARREN,2
KY,WAYNE,1
KY,WHITLEY,1
KY,WOODFORD,1
LA,ACADIA,2
LA,ALLEN,2
LA,ASCENSION,2
LA,ASSUMPTION,1
LA,AVOYELLES,2
LA,BEAUREGARD,1
LA,BIENVILLE,1
LA,CADDO,6
LA,CALCASIEU,5
LA,CALDWELL,2
LA,CAMERON,1
LA,CLAIBORNE,1
LA,CONCORDIA,1
LA,DE SOTO,1
LA,E. BATON ROUGE,7
LA,EAST CARROLL,1
LA,EAST FELICIANA,1
LA,EVANGELINE,2
LA,FRANKLIN,1
LA,IBERIA,1
LA,JACKSON,1
LA,JEFFERSON,5
LA,JEFFRSON DAVIS,1
LA,LAFAYETTE,8
LA,LAFOURCHE,3
LA,LASALLE,2
LA,LINCOLN,1
LA,MADISON,1
LA,MOREHOUSE,1
LA,NATCHITOCHES,1
LA,ORLEANS,6
LA,OUACHITA,5
LA,POINTE COUPEE,1
LA,RAPIDES,3
LA,RED RIVER,1
LA,RICHLAND,2
LA,SABINE,1
LA,ST. BERNARD,1
LA,ST. CHARLES,1
LA,ST. HELENA,1
LA,ST. JAMES,1
LA,ST. LANDRY,1
LA,ST. MARTIN,1
LA,ST. MARY,2
LA,ST. TAMMANY,6
LA,TANGIPAHOA,4
LA,TERREBONNE,3
LA,UNION,2
LA,VERMILION,2
LA,VERNON,2
LA,WASHINGTON,2
LA,WEBSTER,2
LA,WEST CARROLL,1
LA,WEST FELICIANA,1
LA,WINN,1
MA,BARNSTABLE,2
MA,BERKSHIRE,2
MA,BRISTOL,4
MA,DUKES,1
MA,ESSEX,5
MA,FRANKLIN,1
MA,HAMPDEN,6
MA,HAMPSHIRE,1
MA,MIDDLESEX,11
MA,NANTUCKET,1
MA,NORFOLK,4
MA,PLYMOUTH,3
MA,SUFFOLK,13
MA,WORCESTER,8
MD,ALLEGANY,1
MD,ANNE ARUNDEL,2
MD,BALTIMORE,5
MD,BALTIMORE CITY,14
MD,CALVERT,1
MD,CARROLL,1
MD,CECIL,1
MD,CHARLES,1
MD,FREDERICK,1
MD,GARRETT,1
MD,HARFORD,2
MD,HOWARD,1
MD,KENT,1
MD,MONTGOMERY,6
MD,PRINCE GEORGES,5
MD,SOMERSET,1
MD,ST. MARYS,1
MD,TALBOT,1
MD,WASHINGTON,1
MD,WICOMICO,1
MD,WORCESTER,1
ME,ANDROSCOGGIN,2
ME,AROOSTOOK,4
ME,CUMBERLAND,4
ME,FRANKLIN,1
ME,HANCOCK,3
ME,KENNEBEC,2
ME,KNOX,1
ME,LINCOLN,1
ME,OXFORD,2
ME,PENOBSCOT,4
ME,PISCATAQUIS,2
ME,SOMERSET,2
ME,WALDO,1
ME,WASHINGTON,2
ME,YORK,2
MI,ALGER,1
MI,ALLEGAN,1
MI,ALPENA,1
MI,ARENAC,1
MI,BARAGA,1
MI,BARRY,1
MI,BAY,1
MI,BENZIE,1
MI,BERRIEN,2
MI,BRANCH,1
MI,CALHOUN,2
MI,CASS,1
MI,CHARLEVOIX,1
MI,CHIPPEWA,1
MI,CLARE,1
MI,CLINTON,1
MI,CRAWFORD,1
MI,DELTA,1
MI,DICKINSON,1
MI,EATON,2
MI,EMMET,1
MI,GENESEE,3
MI,GLADWIN,1
MI,GOGEBIC,1
MI,GRAND TRAVERSE,1
MI,GRATIOT,1
MI,HILLSDALE,1
MI,HOUGHTON,2
MI,HURON,3
MI,INGHAM,2
MI,IONIA,1
MI,IOSCO,1
MI,IRON,1
MI,ISABELLA,1
MI,JACKSON,1
MI,KALAMAZOO,2
MI,KALKASKA,1
MI,KENT,3
MI,LAPEER,1
MI,LENAWEE,2
MI,LIVINGSTON,2
MI,LUCE,1
MI,MACKINAC,1
MI,MACOMB,4
MI,MANISTEE,1
MI,MARQUETTE,2
MI,MASON,1
MI,MECOSTA,1
MI,MIDLAND,1
MI,MONROE,1
MI,MONTCALM,4
MI,MUSKEGON,1
MI,NEWAYGO,1
MI,OAKLAND,12
MI,OCEANA,1
MI,OGEMAW,1
MI,ONTONAGON,1
MI,OSCEOLA,1
MI,OTSEGO,1
MI,OTTAWA,3
MI,SAGINAW,3
MI,SANILAC,3
MI,SCHOOLCRAFT,1
MI,SHIAWASSEE,1
MI,ST. CLAIR,3
MI,ST. JOSEPH,2
MI,TUSCOLA,2
MI,VAN BUREN,2
MI,WASHTENAW,4
MI,WAYNE,15
MI,WEXFORD,1
MN,AITKIN,1
MN,ANOKA,1
MN,BECKER,1
MN,BELTRAMI,2
MN,BIG STONE,2
MN,BLUE EARTH,1
MN,BROWN,3
MN,CARLTON,2
MN,CARVER,1
MN,CASS,1
MN,CHIPPEWA,1
MN,CHISAGO,1
MN,CLEARWATER,1
MN,COOK,1
MN,COTTONWOOD,2
MN,CROW WING,2
MN,DAKOTA,2
MN,DOUGLAS,1
MN,FARIBAULT,1
MN,FREEBORN,1
MN,GOODHUE,2
MN,GRANT,1
MN,HENNEPIN,10
MN,HUBBARD,1
MN,ISANTI,1
MN,ITASCA,3
MN,JACKSON,1
MN,KANABEC,1
MN,KANDIYOHI,1
MN,KITTSON,1
MN,KOOCHICHING,1
MN,LAC QUI PARLE,2
MN,LAKE,1
MN,LAKE OF  WOODS,1
MN,LE SUEUR,1
MN,LINCOLN,2
MN,LYON,2
MN,MAHNOMEN,1
MN,MARSHALL,1
MN,MARTIN,1
MN,MC LEOD,2
MN,MEEKER,1
MN,MILLE LACS,2
MN,MORRISON,1
MN,MURRAY,1
MN,NICOLLET,1
MN,NOBLES,1
MN,NORMAN,1
MN,OLMSTED,2
MN,OTTER TAIL,2
MN,PENNINGTON,1
MN,PINE,1
MN,PIPESTONE,1
MN,POLK,2
MN,POPE,1
MN,RAMSEY,5
MN,REDWOOD,1
MN,RENVILLE,1
MN,RICE,2
MN,ROCK,1
MN,ROSEAU,1
MN,SCOTT,2
MN,SIBLEY,1
MN,ST. LOUIS,8
MN,STEARNS,4
MN,STEELE,1
MN,STEVENS,1
MN,SWIFT,2
MN,TODD,2
MN,TRAVERSE,1
MN,WABASHA,2
MN,WADENA,1
MN,WASECA,1
MN,WASHINGTON,2
MN,WATONWAN,2
MN,WILKIN,1
MN,WINONA,1
MN,WRIGHT,2
MN,YELLOW MEDCINE,2
MO,ADAIR,1
MO,ATCHISON,1
MO,AUDRAIN,1
MO,BARRY,2
MO,BARTON,1
MO,BATES,1
MO,BOONE,2
MO,BUCHANAN,1
MO,BUTLER,2
MO,CALLAWAY,1
MO,CAMDEN,1
MO,CAPE GIRARDEAU,2
MO,CARROLL,1
MO,CASS,2
MO,CEDAR,1
MO,CLAY,3
MO,CLINTON,1
MO,COLE,2
MO,COOPER,1
MO,DENT,1
MO,DUNKLIN,1
MO,FRANKLIN,2
MO,GASCONADE,1
MO,GENTRY,1
MO,GREENE,2
MO,GRUNDY,1
MO,HARRISON,1
MO,HENRY,1
MO,HOWELL,2
MO,IRON,1
MO,JACKSON,10
MO,JASPER,3
MO,JEFFERSON,2
MO,JOHNSON,1
MO,LACLEDE,1
MO,LAFAYETTE,1
MO,LAWRENCE,1
MO,LINCOLN,1
MO,LINN,1
MO,LIVINGSTON,1
MO,MACON,1
MO,MADISON,1
MO,MARION,1
MO,NEWTON,1
MO,NODAWAY,1
MO,PEMISCOT,1
MO,PERRY,1
MO,PETTIS,1
MO,PHELPS,1
MO,PIKE,1
MO,PLATTE,1
MO,POLK,1
MO,PUTNAM,1
MO,RANDOLPH,1
MO,RAY,1
MO,RIPLEY,1
MO,SALINE,2
MO,SCOTLAND,1
MO,SCOTT,1
MO,ST. CHARLES,4
MO,ST. CLAIR,1
MO,ST. FRANCOIS,2
MO,ST. LOUIS,10
MO,ST. LOUIS CITY,5
MO,STE. GENEVIEVE,1
MO,STODDARD,1
MO,SULLIVAN,1
MO,TANEY,1
MO,TEXAS,1
MO,VERNON,1
MO,WASHINGTON,1
MS,ADAMS,1
MS,ALCORN,1
MS,ATTALA,1
MS,BOLIVAR,1
MS,CALHOUN,1
MS,CHICKASAW,1
MS,CHOCTAW,1
MS,CLAIBORNE,1
MS,CLARKE,1
MS,CLAY,1
MS,COAHOMA,1
MS,COPIAH,1
MS,COVINGTON,1
MS,DE SOTO,2
MS,FORREST,1
MS,FRANKLIN,1
MS,GEORGE,1
MS,GREENE,2
MS,GRENADA,1
MS,HANCOCK,1
MS,HARRISON,3
MS,HINDS,5
MS,HOLMES,1
MS,JACKSON,1
MS,JASPER,1
MS,JEFFERSON,1
MS,JEFFERSON DAVIS,1
MS,JONES,1
MS,KEMPER,1
MS,LAFAYETTE,1
MS,LAMAR,1
MS,LAUDERDALE,4
MS,LAWRENCE,1
MS,LEAKE,1
MS,LEE,1
MS,LEFLORE,1
MS,LINCOLN,1
MS,LOWNDES,1
MS,MADISON,1
MS,MARION,1
MS,MARSHALL,1
MS,MONROE,2
MS,MONTGOMERY,1
MS,NESHOBA,3
MS,NOXUBEE,1
MS,OKTIBBEHA,1
MS,PANOLA,1
MS,PEARL RIVER,2
MS,PIKE,2
MS,PONTOTOC,1
MS,PRENTISS,1
MS,QUITMAN,1
MS,RANKIN,4
MS,SCOTT,2
MS,SHARKEY,1
MS,SIMPSON,2
MS,SMITH,1
MS,STONE,1
MS,SUNFLOWER,2
MS,TALLAHATCHIE,1
MS,TATE,1
MS,TIPPAH,1
MS,TISHOMINGO,1
MS,UNION,1
MS,WALTHALL,1
MS,WARREN,1
MS,WASHINGTON,1
MS,WAYNE,1
MS,WEBSTER,1
MS,WILKINSON,1
MS,WINSTON,1
MS,YALOBUSHA,1
MS,YAZOO,1
MT,BEAVERHEAD,1
MT,BIG HORN,2
MT,BLAINE,1
MT,BROADWATER,1
MT,CARBON,1
MT,CARTER,1
MT,CASCADE,2
MT,CHOUTEAU,2
MT,CUSTER,1
MT,DANIELS,1
MT,DAWSON,1
MT,DEER LODGE,1
MT,FALLON,1
MT,FERGUS,1
MT,FLATHEAD,3
MT,GALLATIN,2
MT,GARFIELD,1
MT,GLACIER,2
MT,GRANITE,1
MT,HILL,1
MT,LAKE,2
MT,LEWIS AND CLARK,1
MT,LIBERTY,1
MT,LINCOLN,1
MT,MADISON,2
MT,MCCONE,1
MT,MEAGHER,1
MT,MINERAL,1
MT,MISSOULA,2
MT,MUSSELSHELL,1
MT,PARK,1
MT,PHILLIPS,1
MT,PONDERA,1
MT,POWELL,1
MT,PRAIRIE,1
MT,RAVALLI,1
MT,RICHLAND,1
MT,ROOSEVELT,3
MT,ROSEBUD,1
MT,SANDERS,1
MT,SHERIDAN,1
MT,SILVER BOW,1
MT,STILLWATER,1
MT,SWEET GRASS,1
MT,TETON,1
MT,TOOLE,1
MT,VALLEY,1
MT,WHEATLAND,1
MT,YELLOWSTONE,2
NC,ALAMANCE,1
NC,ALLEGHANY,1
NC,ANSON,1
NC,ASHE,1
NC,AVERY,1
NC,BEAUFORT,1
NC,BERTIE,1
NC,BLADEN,1
NC,BRUNSWICK,2
NC,BUNCOMBE,1
NC,BURKE,1
NC,CABARRUS,1
NC,CALDWELL,1
NC,CARTERET,1
NC,CATAWBA,2
NC,CHATHAM,1
NC,CHEROKEE,1
NC,CHOWAN,1
NC,CLEVELAND,2
NC,COLUMBUS,1
NC,CRAVEN,1
NC,CUMBERLAND,1
NC,DARE,1
NC,DAVIDSON,2
NC,DAVIE,1
NC,DUPLIN,1
NC,DURHAM,3
NC,EDGECOMBE,1
NC,FORSYTH,3
NC,GASTON,1
NC,GRANVILLE,1
NC,GUILFORD,2
NC,HALIFAX,2
NC,HARNETT,1
NC,HAYWOOD,1
NC,HENDERSON,2
NC,HERTFORD,1
NC,HOKE,1
NC,IREDELL,3
NC,JACKSON,1
NC,JOHNSTON,1
NC,LEE,1
NC,LENOIR,1
NC,LINCOLN,1
NC,MACON,2
NC,MARTIN,1
NC,MC DOWELL,1
NC,MECKLENBURG,6
NC,MITCHELL,1
NC,MONTGOMERY,1
NC,MOORE,1
NC,NASH,1
NC,NEW HANOVER,2
NC,ONSLOW,1
NC,ORANGE,1
NC,PASQUOTANK,1
NC,PENDER,1
NC,PERSON,1
NC,PITT,1
NC,POLK,1
NC,RANDOLPH,1
NC,ROBESON,1
NC,ROCKINGHAM,1
NC,ROWAN,1
NC,RUTHERFORD,1
NC,SAMPSON,1
NC,SCOTLAND,1
NC,STANLY,1
NC,STOKES,1
NC,SURRY,2
NC,SWAIN,2
NC,TRANSYLVANIA,1
NC,UNION,1
NC,VANCE,1
NC,WAKE,4
NC,WASHINGTON,1
NC,WATAUGA,1
NC,WAYNE,1
NC,WILKES,1
NC,WILSON,1
ND,ADAMS,1
ND,BARNES,1
ND,BOTTINEAU,1
ND,BOWMAN,1
ND,BURLEIGH,2
ND,CASS,2
ND,CAVALIER,1
ND,DICKEY,1
ND,DIVIDE,1
ND,EMMONS,1
ND,FOSTER,1
ND,GRAND FORKS,2
ND,GRANT,1
ND,GRIGGS,1
ND,MCINTOSH,2
ND,MCKENZIE,1
ND,MCLEAN,2
ND,MERCER,1
ND,MOUNTRAIL,1
ND,NELSON,1
ND,PEMBINA,1
ND,PIERCE,1
ND,RAMSEY,1
ND,RANSOM,1
ND,ROLETTE,2
ND,SIOUX,1
ND,STARK,1
ND,STUTSMAN,1
ND,TOWNER,1
ND,TRAILL,2
ND,WALSH,2
ND,WARD,2
ND,WELLS,1
ND,WILLIAMS,2
NE,ADAMS,1
NE,ANTELOPE,1
NE,BOONE,1
NE,BOX BUTTE,1
NE,BOYD,1
NE,BROWN,1
NE,BUFFALO,2
NE,BURT,1
NE,BUTLER,1
NE,CHASE,1
NE,CHERRY,1
NE,CHEYENNE,1
NE,COLFAX,1
NE,CUMING,1
NE,CUSTER,2
NE,DAWES,1
NE,DAWSON,3
NE,DODGE,1
NE,DOUGLAS,10
NE,DUNDY,1
NE,FILLMORE,1
NE,FRANKLIN,1
NE,FURNAS,1
NE,GAGE,1
NE,GARDEN,1
NE,HALL,1
NE,HAMILTON,1
NE,HARLAN,1
NE,HOLT,3
NE,HOWARD,1
NE,JEFFERSON,1
NE,JOHNSON,1
NE,KEARNEY,1
NE,KEITH,1
NE,KIMBALL,1
NE,KNOX,1
NE,LANCASTER,4
NE,LINCOLN,1
NE,MADISON,1
NE,MERRICK,1
NE,MORRILL,1
NE,NEMAHA,1
NE,NUCKOLLS,1
NE,OTOE,2
NE,PAWNEE,1
NE,PERKINS,1
NE,PHELPS,1
NE,PIERCE,2
NE,PLATTE,2
NE,POLK,1
NE,RED WILLOW,1
NE,RICHARDSON,1
NE,SALINE,2
NE,SARPY,2
NE,SAUNDERS,1
NE,SCOTT BLUFF,1
NE,SEWARD,1
NE,SHERIDAN,1
NE,THAYER,1
NE,THURSTON,1
NE,VALLEY,1
NE,WASHINGTON,1
NE,WAYNE,1
NE,WEBSTER,1
NE,YORK,2
NH,BELKNAP,1
NH,CARROLL,2
NH,CHESHIRE,1
NH,COOS,3
NH,GRAFTON,5
NH,HILLSBOROUGH,5
NH,MERRIMACK,3
NH,ROCKINGHAM,3
NH,STRAFFORD,2
NH,SULLIVAN,1
NJ,ATLANTIC,2
NJ,BERGEN,6
NJ,BURLINGTON,4
NJ,CAMDEN,4
NJ,CAPE MAY,1
NJ,CUMBERLAND,1
NJ,ESSEX,7
NJ,GLOUCESTER,1
NJ,HUDSON,6
NJ,HUNTERDON,1
NJ,MERCER,4
NJ,MIDDLESEX,6
NJ,MONMOUTH,5
NJ,MORRIS,3
NJ,OCEAN,4
NJ,PASSAIC,2
NJ,SALEM,2
NJ,SOMERSET,1
NJ,SUSSEX,1
NJ,UNION,3
NJ,WARREN,2
NM,BERNALILLO,5
NM,CHAVES,2
NM,CIBOLA,2
NM,COLFAX,1
NM,CURRY,1
NM,DONA ANA,2
NM,EDDY,2
NM,GRANT,1
NM,GUADALUPE,1
NM,LEA,2
NM,LINCOLN,1
NM,LOS ALAMOS,1
NM,LUNA,1
NM,MCKINLEY,4
NM,OTERO,2
NM,QUAY,1
NM,RIO ARRIBA,1
NM,ROOSEVELT,1
NM,SAN JUAN,2
NM,SAN MIGUEL,1
NM,SANDOVAL,1
NM,SANTA FE,2
NM,SIERRA,1
NM,SOCORRO,1
NM,TAOS,1
NM,UNION,1
NV,CARSON CITY,1
NV,CHURCHILL,1
NV,CLARK,18
NV,DOUGLAS,1
NV,ELKO,1
NV,HUMBOLDT,1
NV,LANDER,1
NV,LINCOLN,1
NV,LYON,1
NV,MINERAL,1
NV,NYE,1
NV,PERSHING,1
NV,WASHOE,5
NV,WHITE PINE,1
NY,ALBANY,3
NY,ALLEGANY,2
NY,BRONX,6
NY,BROOME,2
NY,CATTARAUGUS,1
NY,CAYUGA,1
NY,CHAUTAUQUA,3
NY,CHEMUNG,2
NY,CHENANGO,1
NY,CLINTON,1
NY,COLUMBIA,1
NY,CORTLAND,1
NY,DELAWARE,4
NY,DUTCHESS,2
NY,ERIE,7
NY,ESSEX,2
NY,FRANKLIN,2
NY,FULTON,1
NY,GENESEE,1
NY,HERKIMER,1
NY,JEFFERSON,3
NY,KINGS,12
NY,LEWIS,1
NY,LIVINGSTON,1
NY,MADISON,2
NY,MONROE,5
NY,MONTGOMERY,1
NY,NASSAU,10
NY,NEW YORK,12
NY,NIAGARA,3
NY,ONEIDA,3
NY,ONONDAGA,3
NY,ONTARIO,3
NY,ORANGE,4
NY,ORLEANS,1
NY,OSWEGO,1
NY,OTSEGO,2
NY,PUTNAM,1
NY,QUEENS,6
NY,RENSSELAER,3
NY,RICHMOND,2
NY,ROCKLAND,3
NY,SARATOGA,1
NY,SCHENECTADY,2
NY,SCHOHARIE,1
NY,SCHUYLER,1
NY,ST. LAWRENCE,5
NY,STEUBEN,3
NY,SUFFOLK,10
NY,SULLIVAN,2
NY,TOMPKINS,1
NY,ULSTER,3
NY,WARREN,1
NY,WAYNE,1
NY,WESTCHESTER,11
NY,WYOMING,1
NY,YATES,1
OH,ADAMS,1
OH,ALLEN,4
OH,ASHLAND,1
OH,ASHTABULA,4
OH,ATHENS,1
OH,AUGLAIZE,1
OH,BELMONT,3
OH,BUTLER,4
OH,CHAMPAIGN,1
OH,CLARK,2
OH,CLERMONT,1
OH,CLINTON,1
OH,COLUMBIANA,2
OH,COSHOCTON,1
OH,CRAWFORD,2
OH,CUYAHOGA,17
OH,DARKE,1
OH,DEFIANCE,3
OH,DELAWARE,1
OH,ERIE,1
OH,FAIRFIELD,1
OH,FAYETTE,1
OH,FRANKLIN,11
OH,FULTON,1
OH,GALLIA,1
OH,GEAUGA,1
OH,GREENE,2
OH,GUERNSEY,1
OH,HAMILTON,10
OH,HANCOCK,1
OH,HARDIN,1
OH,HARRISON,1
OH,HENRY,1
OH,HIGHLAND,2
OH,HOCKING,1
OH,HOLMES,1
OH,HURON,2
OH,JACKSON,1
OH,JEFFERSON,1
OH,KNOX,1
OH,LAKE,1
OH,LAWRENCE,1
OH,LICKING,1
OH,LOGAN,1
OH,LORAIN,4
OH,LUCAS,8
OH,MADISON,1
OH,MAHONING,4
OH,MARION,1
OH,MEDINA,2
OH,MERCER,1
OH,MIAMI,1
OH,MONTGOMERY,7
OH,MORROW,1
OH,MUSKINGUM,1
OH,OTTAWA,1
OH,PAULDING,1
OH,PICKAWAY,1
OH,PIKE,1
OH,PORTAGE,1
OH,RICHLAND,3
OH,ROSS,1
OH,SANDUSKY,2
OH,SCIOTO,2
OH,SENECA,2
OH,SHELBY,1
OH,STARK,3
OH,SUMMIT,5
OH,TRUMBULL,2
OH,TUSCARAWAS,2
OH,UNION,1
OH,VAN WERT,1
OH,WARREN,1
OH,WASHINGTON,2
OH,WAYNE,2
OH,WILLIAMS,2
OH,WOOD,1
OH,WYANDOT,1
OK,ADAIR,1
OK,ATOKA,1
OK,BEAVER,1
OK,BECKHAM,2
OK,BLAINE,2
OK,BRYAN,1
OK,CADDO,2
OK,CANADIAN,2
OK,CARTER,2
OK,CHEROKEE,2
OK,CHOCTAW,1
OK,CIMARRON,1
OK,CLEVELAND,2
OK,COAL,1
OK,COMANCHE,3
OK,CRAIG,1
OK,CREEK,3
OK,CUSTER,2
OK,DELAWARE,1
OK,DEWEY,1
OK,ELLIS,1
OK,GARFIELD,2
OK,GARVIN,2
OK,GRADY,1
OK,GREER,1
OK,HARMON,1
OK,HARPER,1
OK,HASKELL,1
OK,HUGHES,1
OK,JACKSON,1
OK,JEFFERSON,1
OK,JOHNSTON,1
OK,KAY,2
OK,KINGFISHER,1
OK,KIOWA,1
OK,LATIMER,2
OK,LE FLORE,1
OK,LINCOLN,2
OK,LOGAN,1
OK,LOVE,1
OK,MAJOR,1
OK,MARSHALL,1
OK,MAYES,1
OK,MCCLAIN,1
OK,MCCURTAIN,1
OK,MURRAY,1
OK,MUSKOGEE,1
OK,NOBLE,1
OK,NOWATA,1
OK,OKFUSKEE,1
OK,OKLAHOMA,19
OK,OKMULGEE,2
OK,OSAGE,2
OK,OTTAWA,1
OK,PAWNEE,1
OK,PAYNE,2
OK,PITTSBURG,1
OK,PONTOTOC,2
OK,POTTAWATOMIE,1
OK,PUSHMATAHA,1
OK,ROGER MILLS,1
OK,ROGERS,2
OK,SEMINOLE,1
OK,SEQUOYAH,1
OK,STEPHENS,1
OK,TEXAS,1
OK,TULSA,13
OK,WAGONER,1
OK,WASHINGTON,1
OK,WASHITA,1
OK,WOODS,1
OK,WOODWARD,1
OR,BAKER,1
OR,BENTON,1
OR,CLACKAMAS,3
OR,CLATSOP,2
OR,COOS,3
OR,CROOK,1
OR,CURRY,1
OR,DESCHUTES,2
OR,DOUGLAS,2
OR,GRANT,1
OR,HARNEY,1
OR,HOOD RIVER,1
OR,JACKSON,3
OR,JEFFERSON,1
OR,JOSEPHINE,1
OR,KLAMATH,1
OR,LAKE,1
OR,LANE,5
OR,LINCOLN,2
OR,LINN,2
OR,MALHEUR,1
OR,MARION,3
OR,MORROW,1
OR,MULTNOMAH,7
OR,POLK,1
OR,TILLAMOOK,1
OR,UMATILLA,2
OR,UNION,1
OR,WALLOWA,1
OR,WASCO,1
OR,WASHINGTON,4
OR,YAMHILL,2
PA,ADAMS,1
PA,ALLEGHENY,18
PA,ARMSTRONG,1
PA,BEAVER,1
PA,BEDFORD,1
PA,BERKS,3
PA,BLAIR,3
PA,BRADFORD,3
PA,BUCKS,7
PA,BUTLER,1
PA,CAMBRIA,2
PA,CARBON,2
PA,CENTRE,1
PA,CHESTER,5
PA,CLARION,1
PA,CLEARFIELD,2
PA,CLINTON,2
PA,COLUMBIA,2
PA,CRAWFORD,2
PA,CUMBERLAND,2
PA,DAUPHIN,2
PA,DELAWARE,4
PA,ELK,1
PA,ERIE,4
PA,FAYETTE,2
PA,FRANKLIN,2
PA,FULTON,1
PA,GREENE,1
PA,HUNTINGDON,1
PA,INDIANA,1
PA,JEFFERSON,2
PA,LACKAWANNA,3
PA,LANCASTER,4
PA,LAWRENCE,2
PA,LEBANON,1
PA,LEHIGH,3
PA,LUZERNE,3
PA,LYCOMING,3
PA,MC KEAN,2
PA,MERCER,4
PA,MIFFLIN,1
PA,MONROE,2
PA,MONTGOMERY,11
PA,MONTOUR,1
PA,NORTHAMPTON,5
PA,NORTHUMBERLND,1
PA,PHILADELPHIA,18
PA,POTTER,1
PA,SCHUYLKILL,3
PA,SOMERSET,3
PA,SUSQUEHANNA,2
PA,TIOGA,1
PA,UNION,1
PA,VENANGO,1
PA,WARREN,1
PA,WASHINGTON,4
PA,WAYNE,1
PA,WESTMORELAND,3
PA,WYOMING,1
PA,YORK,5
PR,AGUADILLA,1
PR,AIBONITO,1
PR,ARECIBO,2
PR,BAYAMON,4
PR,CAGUAS,2
PR,CAROLINA,1
PR,CAYEY,1
PR,FAJARDO,2
PR,GUAYANILLA,1
PR,GUAYNABO,1
PR,HUMACAO,3
PR,LARES,1
PR,MANATI,2
PR,MAYAGUEZ,3
PR,MOCA,1
PR,PONCE,4
PR,SAN GERMAN,2
PR,SAN JUAN,17
PR,UTUADO,1
PR,VEGA BAJA,1
PR,YAUCO,1
RI,KENT,1
RI,NEWPORT,1
RI,PROVIDENCE,6
RI,WASHINGTON,2
SC,ABBEVILLE,1
SC,AIKEN,1
SC,ALLENDALE,1
SC,ANDERSON,1
SC,BEAUFORT,2
SC,CHARLESTON,6
SC,CHEROKEE,1
SC,CHESTER,1
SC,CHESTERFIELD,1
SC,CLARENDON,1
SC,COLLETON,1
SC,DARLINGTON,2
SC,DILLON,1
SC,EDGEFIELD,1
SC,FAIRFIELD,1
SC,FLORENCE,3
SC,GEORGETOWN,1
SC,GREENVILLE,7
SC,GREENWOOD,1
SC,HAMPTON,1
SC,HORRY,4
SC,JASPER,1
SC,KERSHAW,1
SC,LANCASTER,1
SC,LAURENS,1
SC,LEXINGTON,2
SC,MARION,1
SC,NEWBERRY,1
SC,OCONEE,1
SC,ORANGEBURG,1
SC,PICKENS,2
SC,RICHLAND,3
SC,SPARTANBURG,2
SC,SUMTER,1
SC,UNION,1
SC,WILLIAMSBURG,1
SC,YORK,1
SD,BEADLE,1
SD,BENNETT,1
SD,BON HOMME,2
SD,BROOKINGS,1
SD,BROWN,2
SD,BRULE,1
SD,CHARLES MIX,2
SD,CLAY,1
SD,CODINGTON,1
SD,CUSTER,1
SD,DAVISON,1
SD,DAY,1
SD,DEUEL,1
SD,DEWEY,1
SD,DOUGLAS,1
SD,EDMUNDS,1
SD,FALL RIVER,1
SD,FAULK,1
SD,GRANT,1
SD,GREGORY,2
SD,HAAKON,1
SD,HAND,1
SD,HUGHES,1
SD,HUTCHINSON,2
SD,JERAULD,1
SD,KINGSBURY,1
SD,LAKE,1
SD,LAWRENCE,2
SD,LINCOLN,2
SD,MARSHALL,1
SD,MC PHERSON,1
SD,MEADE,1
SD,MINNEHAHA,5
SD,MOODY,1
SD,PENNINGTON,4
SD,POTTER,1
SD,ROBERTS,1
SD,SPINK,1
SD,TODD,1
SD,TRIPP,1
SD,TURNER,1
SD,UNION,1
SD,WALWORTH,1
SD,YANKTON,1
TN,ANDERSON,1
TN,BEDFORD,1
TN,BENTON,1
TN,BLEDSOE,1
TN,BLOUNT,1
TN,BRADLEY,1
TN,CAMPBELL,2
TN,CANNON,1
TN,CARROLL,2
TN,CARTER,1
TN,CHEATHAM,1
TN,CLAIBORNE,1
TN,CLAY,1
TN,COCKE,1
TN,COFFEE,2
TN,CUMBERLAND,1
TN,DAVIDSON,9
TN,DE KALB,1
TN,DECATUR,1
TN,DICKSON,1
TN,DYER,1
TN,FENTRESS,1
TN,FRANKLIN,1
TN,GIBSON,1
TN,GILES,1
TN,GREENE,2
TN,HAMBLEN,2
TN,HAMILTON,3
TN,HANCOCK,1
TN,HARDIN,1
TN,HAWKINS,1
TN,HENDERSON,1
TN,HENRY,1
TN,HICKMAN,1
TN,HOUSTON,1
TN,HUMPHREYS,1
TN,JEFFERSON,1
TN,JOHNSON,1
TN,KNOX,5
TN,LAUDERDALE,1
TN,LAWRENCE,1
TN,LINCOLN,1
TN,LOUDON,1
TN,MACON,1
TN,MADISON,2
TN,MARSHALL,1
TN,MAURY,1
TN,MC MINN,1
TN,MONROE,1
TN,MONTGOMERY,1
TN,OBION,1
TN,OVERTON,1
TN,PERRY,1
TN,PUTNAM,1
TN,RHEA,1
TN,ROANE,1
TN,ROBERTSON,1
TN,RUTHERFORD,3
TN,SCOTT,1
TN,SEVIER,1
TN,SHELBY,7
TN,SMITH,1
TN,SULLIVAN,3
TN,SUMNER,2
TN,TIPTON,1
TN,TROUSDALE,1
TN,UNICOI,1
TN,WARREN,1
TN,WASHINGTON,2
TN,WAYNE,1
TN,WEAKLEY,1
TN,WHITE,1
TN,WILLIAMSON,1
TN,WILSON,1
TX,ANDERSON,1
TX,ANDREWS,1
TX,ANGELINA,2
TX,ATASCOSA,1
TX,AUSTIN,1
TX,BAILEY,1
TX,BASTROP,1
TX,BAYLOR,1
TX,BEE,1
TX,BELL,3
TX,BEXAR,13
TX,BOSQUE,1
TX,BOWIE,2
TX,BRAZORIA,3
TX,BRAZOS,4
TX,BREWSTER,1
TX,BROWN,1
TX,BURLESON,1
TX,BURNET,2
TX,CALDWELL,1
TX,CALHOUN,1
TX,CAMERON,4
TX,CAMP,1
TX,CASTRO,1
TX,CHAMBERS,2
TX,CHEROKEE,2
TX,CHILDRESS,1
TX,CLAY,1
TX,COCHRAN,1
TX,COLEMAN,1
TX,COLLIN,13
TX,COLLINGSWORTH,1
TX,COLORADO,2
TX,COMAL,1
TX,COMANCHE,1
TX,CONCHO,1
TX,COOKE,2
TX,CORYELL,1
TX,CRANE,1
TX,CROSBY,1
TX,CULBERSON,1
TX,DALLAM,1
TX,DALLAS,27
TX,DAWSON,1
TX,DE WITT,1
TX,DEAF SMITH,1
TX,DENTON,10
TX,DIMMIT,1
TX,EASTLAND,1
TX,ECTOR,2
TX,EL PASO,10
TX,ELLIS,2
TX,ERATH,1
TX,FALLS,1
TX,FANNIN,1
TX,FAYETTE,1
TX,FISHER,1
TX,FLOYD,1
TX,FORT BEND,7
TX,FREESTONE,1
TX,FRIO,1
TX,GAINES,1
TX,GALVESTON,2
TX,GILLESPIE,1
TX,GONZALES,1
TX,GRAY,1
TX,GRAYSON,3
TX,GREGG,2
TX,GRIMES,1
TX,GUADALUPE,1
TX,HALE,1
TX,HAMILTON,1
TX,HANSFORD,1
TX,HARDEMAN,2
TX,HARRIS,40
TX,HARRISON,1
TX,HASKELL,1
TX,HAYS,3
TX,HEMPHILL,1
TX,HENDERSON,1
TX,HIDALGO,6
TX,HILL,1
TX,HOCKLEY,1
TX,HOOD,1
TX,HOPKINS,1
TX,HOWARD,1
TX,HUNT,1
TX,HUTCHINSON,1
TX,JACK,1
TX,JACKSON,1
TX,JASPER,1
TX,JEFFERSON,3
TX,JIM WELLS,1
TX,JOHNSON,3
TX,JONES,3
TX,KARNES,1
TX,KAUFMAN,1
TX,KERR,1
TX,KIMBLE,1
TX,KLEBERG,1
TX,KNOX,1
TX,LAMAR,1
TX,LAMB,1
TX,LAMPASAS,1
TX,LAVACA,2
TX,LIBERTY,2
TX,LIMESTONE,2
TX,LLANO,1
TX,LUBBOCK,5
TX,LYNN,1
TX,MADISON,1
TX,MARTIN,1
TX,MATAGORDA,2
TX,MAVERICK,1
TX,MC CULLOCH,1
TX,MC LENNAN,2
TX,MEDINA,1
TX,MIDLAND,1
TX,MILAM,2
TX,MITCHELL,1
TX,MONTAGUE,1
TX,MONTGOMERY,6
TX,MOORE,1
TX,NACOGDOCHES,2
TX,NAVARRO,1
TX,NOLAN,1
TX,NUECES,4
TX,OCHILTREE,1
TX,PALO PINTO,1
TX,PANOLA,1
TX,PARKER,1
TX,PARMER,1
TX,PECOS,2
TX,POLK,1
TX,POTTER,3
TX,REAGAN,1
TX,REEVES,1
TX,REFUGIO,1
TX,ROCKWALL,2
TX,RUNNELS,2
TX,RUSK,1
TX,SABINE,1
TX,SAN AUGUSTINE,1
TX,SAN PATRICIO,1
TX,SCHLEICHER,1
TX,SCURRY,1
TX,SMITH,4
TX,SOMERVELL,1
TX,STARR,1
TX,STEPHENS,1
TX,STONEWALL,1
TX,SUTTON,1
TX,SWISHER,1
TX,TARRANT,24
TX,TAYLOR,2
TX,TERRY,1
TX,THROCKMORTON,1
TX,TITUS,1
TX,TOM GREEN,2
TX,TRAVIS,10
TX,TYLER,1
TX,UPTON,2
TX,UVALDE,1
TX,VAL VERDE,1
TX,VAN ZANDT,1
TX,VICTORIA,2
TX,WALKER,1
TX,WARD,1
TX,WASHINGTON,1
TX,WEBB,2
TX,WHARTON,1
TX,WHEELER,2
TX,WICHITA,3
TX,WILBARGER,1
TX,WILLIAMSON,6
TX,WILSON,1
TX,WINKLER,1
TX,WISE,1
TX,WOOD,2
TX,YOAKUM,1
TX,YOUNG,2
UT,BEAVER,2
UT,BOX ELDER,2
UT,CACHE,2
UT,CARBON,1
UT,DAVIS,2
UT,DUCHESNE,1
UT,GARFIELD,1
UT,GRAND,1
UT,IRON,1
UT,JUAB,1
UT,KANE,1
UT,MILLARD,2
UT,SALT LAKE,12
UT,SAN JUAN,2
UT,SANPETE,2
UT,SEVIER,1
UT,SUMMIT,1
UT,TOOELE,1
UT,UINTAH,1
UT,UTAH,5
UT,WASATCH,1
UT,WASHINGTON,1
UT,WEBER,2
VA,ACCOMACK,1
VA,ALBEMARLE,1
VA,ALEXANDRIA CITY,1
VA,ALLEGHANY,1
VA,ARLINGTON,2
VA,AUGUSTA,1
VA,BATH,1
VA,BEDFORD,1
VA,BUCHANAN,1
VA,CHARLOTTESVILLE CITY,1
VA,CHESAPEAKE CITY,1
VA,CHESTERFIELD,2
VA,CULPEPER,1
VA,DANVILLE CITY,1
VA,DICKENSON,1
VA,EMPORIA CITY,1
VA,ESSEX,1
VA,FAIRFAX,4
VA,FAUQUIER,1
VA,FRANKLIN,1
VA,FRANKLIN CITY,1
VA,FREDERICKSBURG CITY,1
VA,GALAX CITY,1
VA,GILES,1
VA,GLOUCESTER,1
VA,HALIFAX,1
VA,HAMPTON CITY,1
VA,HANOVER,1
VA,HARRISONBURG CITY,1
VA,HENRICO,1
VA,HOPEWELL CITY,1
VA,JAMES CITY,2
VA,LANCASTER,1
VA,LEXINGTON CITY,1
VA,LOUDOUN,2
VA,LYNCHBURG CITY,1
VA,MANASSAS CITY,1
VA,MECKLENBURG,1
VA,MONTGOMERY,2
VA,NEW KENT,1
VA,NEWPORT NEWS CITY,2
VA,NORFOLK CITY,4
VA,NORTON CITY,1
VA,PAGE,1
VA,PETERSBURG CITY,2
VA,PORTSMOUTH CITY,1
VA,PRINCE EDWARD,1
VA,PRINCE WILLIAM,2
VA,PULASKI,1
VA,RICHMOND CITY,4
VA,ROANOKE CITY,1
VA,RUSSELL,1
VA,SALEM CITY,1
VA,SHENANDOAH,1
VA,SMYTH,1
VA,SPOTSYLVANIA,1
VA,STAFFORD,1
VA,SUFFOLK CITY,1
VA,TAZEWELL,2
VA,VIRGINIA BEACH CITY,2
VA,WARREN,1
VA,WASHINGTON,1
VA,WINCHESTER CITY,1
VA,WISE,1
VA,WYTHE,1
VT,ADDISON,1
VT,BENNINGTON,1
VT,CALEDONIA,1
VT,CHITTENDEN,1
VT,FRANKLIN,1
VT,LAMOILLE,1
VT,ORANGE,1
VT,ORLEANS,1
VT,RUTLAND,1
VT,WASHINGTON,1
VT,WINDHAM,2
VT,WINDSOR,2
WA,ADAMS,2
WA,ASOTIN,1
WA,BENTON,3
WA,CHELAN,4
WA,CLALLAM,2
WA,CLARK,2
WA,COLUMBIA,1
WA,COWLITZ,1
WA,FERRY,1
WA,FRANKLIN,1
WA,GARFIELD,1
WA,GRANT,4
WA,GRAYS HARBOR,2
WA,ISLAND,1
WA,JEFFERSON,1
WA,KING,18
WA,KITSAP,1
WA,KITTITAS,1
WA,KLICKITAT,2
WA,LEWIS,2
WA,LINCOLN,2
WA,MASON,1
WA,OKANOGAN,3
WA,PACIFIC,2
WA,PEND OREILLE,1
WA,PIERCE,6
WA,SAN JUAN,1
WA,SKAGIT,3
WA,SNOHOMISH,4
WA,SPOKANE,5
WA,STEVENS,2
WA,THURSTON,2
WA,WALLA WALLA,1
WA,WHATCOM,1
WA,WHITMAN,2
WA,YAKIMA,4
WI,ADAMS,1
WI,ASHLAND,1
WI,BARRON,3
WI,BROWN,4
WI,BURNETT,1
WI,CALUMET,1
WI,CHIPPEWA,3
WI,CLARK,1
WI,COLUMBIA,2
WI,CRAWFORD,1
WI,DANE,4
WI,DODGE,2
WI,DOOR,1
WI,DOUGLAS,1
WI,DUNN,1
WI,EAU CLAIRE,3
WI,FOND DU LAC,3
WI,GRANT,3
WI,GREEN,1
WI,GREEN LAKE,1
WI,IOWA,1
WI,JACKSON,1
WI,JEFFERSON,1
WI,JUNEAU,1
WI,KENOSHA,2
WI,LA CROSSE,2
WI,LAFAYETTE,1
WI,LANGLADE,1
WI,LINCOLN,2
WI,MANITOWOC,2
WI,MARATHON,2
WI,MARINETTE,1
WI,MILWAUKEE,10
WI,MONROE,2
WI,OCONTO,2
WI,ONEIDA,1
WI,OUTAGAMIE,2
WI,OZAUKEE,3
WI,PEPIN,1
WI,PIERCE,1
WI,POLK,3
WI,PORTAGE,1
WI,PRICE,1
WI,RACINE,2
WI,RICHLAND,1
WI,ROCK,4
WI,RUSK,1
WI,SAUK,3
WI,SAWYER,1
WI,SHAWANO,1
WI,SHEBOYGAN,2
WI,ST. CROIX,3
WI,TAYLOR,1
WI,TREMPEALEAU,2
WI,VERNON,2
WI,VILAS,2
WI,WALWORTH,2
WI,WASHBURN,2
WI,WASHINGTON,2
WI,WAUKESHA,4
WI,WAUPACA,2
WI,WAUSHARA,1
WI,WINNEBAGO,4
WI,WOOD,2
WV,BARBOUR,1
WV,BERKELEY,1
WV,BOONE,1
WV,BRAXTON,1
WV,CABELL,2
WV,CALHOUN,1
WV,FAYETTE,2
WV,GRANT,1
WV,GREENBRIER,1
WV,HAMPSHIRE,1
WV,HANCOCK,1
WV,HARRISON,1
WV,JACKSON,1
WV,JEFFERSON,1
WV,KANAWHA,4
WV,LEWIS,1
WV,LOGAN,1
WV,MARION,1
WV,MARSHALL,1
WV,MASON,1
WV,MC DOWELL,1
WV,MERCER,2
WV,MINERAL,1
WV,MINGO,1
WV,MONONGALIA,2
WV,MORGAN,1
WV,NICHOLAS,1
WV,OHIO,2
WV,POCAHONTAS,1
WV,PRESTON,1
WV,RALEIGH,2
WV,RANDOLPH,1
WV,ROANE,1
WV,SUMMERS,1
WV,TAYLOR,1
WV,TYLER,1
WV,UPSHUR,1
WV,WEBSTER,1
WV,WETZEL,1
WV,WOOD,1
WY,ALBANY,1
WY,BIG HORN,2
WY,CAMPBELL,1
WY,CARBON,1
WY,CONVERSE,1
WY,CROOK,1
WY,FREMONT,1
WY,GOSHEN,1
WY,HOT SPRINGS,1
WY,JOHNSON,1
WY,LARAMIE,1
WY,LINCOLN,2
WY,NATRONA,3
WY,NIOBRARA,1
WY,PARK,2
WY,PLATTE,1
WY,SHERIDAN,1
WY,SWEETWATER,2
WY,TETON,1
WY,UINTA,1
WY,WASHAKIE,1
WY,WESTON,1
