"Table 4. Cocaine Use in the Past Year among Individuals Aged 12 or Older, by State and Substate Region: Percentages, Annual Averages Based on 2014, 2015, and 2016 NSDUHs",,,,,,
"NOTE: For substate region definitions, see the ""2014-2016 National Survey on Drug Use and Health Substate Region Definitions"" at https://www.samhsa.gov/data/.",,,,,,
"NOTE: The substate, state, and census region estimates along with the 95 percent confidence (credible) intervals are based on a survey-weighted hierarchical Bayes estimation approach and are generated by Markov Chain Monte Carlo techniques. For the ""Total U.S."" row, design-based (direct) estimates and corresponding 95 percent confidence intervals are given.",,,,,,
"NOTE: The column labeled ""Order"" can be used to sort the data to the original sort order.",,,,,,
"NOTE: The column labeled ""Map Group"" can be used to distinguish substate regions included in the maps from other substate regions. In the ""Map Group"" column, a ""1"" represents the national estimate, a ""2"" represents the census region estimates, a ""3"" represents the state-level estimates, a ""4"" represents the substate/aggregate region-level estimates included in the maps, and a ""5"" represents the other substate/aggregate region-level estimates that are not included in the maps.",,,,,,
"Source: SAMHSA, Center for Behavioral Health Statistics and Quality, National Survey on Drug Use and Health, 2014, 2015, and 2016.",,,,,,
Order,State,Substate Region,"Small Area Estimate",95% CI (Lower),95% CI (Upper),"Map Group"
1,Total United States,Total United States,1.80%,1.72%,1.88%,1
2,Northeast,Northeast,2.25%,2.06%,2.45%,2
3,Midwest,Midwest,1.43%,1.30%,1.57%,2
4,South,South,1.53%,1.42%,1.65%,2
5,West,West,2.23%,2.05%,2.42%,2
6,Alabama,Alabama,1.19%,0.85%,1.66%,3
7,Alabama,Region 1,0.87%,0.53%,1.42%,4
8,Alabama,Region 2,1.69%,1.07%,2.66%,4
9,Alabama,Region 3,1.09%,0.62%,1.89%,4
10,Alabama,Region 4,0.95%,0.53%,1.67%,4
11,Alaska,Alaska,2.13%,1.66%,2.74%,3
12,Alaska,Anchorage,2.37%,1.73%,3.25%,4
13,Alaska,Northern,1.75%,1.12%,2.72%,4
14,Alaska,South Central,2.22%,1.46%,3.37%,4
15,Alaska,Southeast,1.81%,1.09%,3.00%,4
16,Arizona,Arizona,2.19%,1.71%,2.80%,3
17,Arizona,Central,2.11%,1.57%,2.84%,4
18,Arizona,North,2.21%,1.35%,3.58%,4
19,Arizona,South,2.34%,1.62%,3.38%,5
20,Arizona,South A,2.86%,1.85%,4.40%,4
21,Arizona,South B,1.72%,1.01%,2.89%,4
22,Arkansas,Arkansas,1.13%,0.81%,1.57%,3
23,Arkansas,Catchment Area 1,1.04%,0.61%,1.78%,4
24,Arkansas,Catchment Area 2,0.89%,0.50%,1.58%,4
25,Arkansas,Catchment Area 3,1.05%,0.60%,1.84%,4
26,Arkansas,Catchment Area 4,0.93%,0.53%,1.63%,4
27,Arkansas,Catchment Area 5,1.22%,0.72%,2.08%,4
28,Arkansas,Catchment Area 6,1.27%,0.69%,2.33%,4
29,Arkansas,Catchment Area 7,1.04%,0.56%,1.93%,4
30,Arkansas,Catchment Area 8,1.41%,0.85%,2.34%,4
31,California,California,2.44%,2.16%,2.74%,3
32,California,Region 1R,2.49%,1.61%,3.81%,4
33,California,Region 2R,2.48%,1.66%,3.69%,4
34,California,Region 3R (Sacramento),2.20%,1.47%,3.28%,4
35,California,Region 4R,2.32%,1.55%,3.48%,4
36,California,Region 5R (San Francisco),5.35%,3.58%,7.92%,4
37,California,Region 6 (Santa Clara),1.69%,1.16%,2.46%,4
38,California,Region 7R (Contra Costa),2.26%,1.51%,3.38%,4
39,California,Region 8R (Alameda),2.72%,1.86%,3.97%,4
40,California,Region 9R (San Mateo),2.15%,1.38%,3.33%,4
41,California,Region 10,3.48%,2.36%,5.09%,4
42,California,Region 11 (Los Angeles),2.52%,2.12%,3.00%,5
43,California,LA SPA 1 and 5,2.90%,1.92%,4.34%,4
44,California,LA SPA 2,2.34%,1.63%,3.34%,4
45,California,LA SPA 3,1.86%,1.24%,2.79%,4
46,California,LA SPA 4,4.47%,3.06%,6.47%,4
47,California,LA SPA 6,2.38%,1.52%,3.71%,4
48,California,LA SPA 7,1.89%,1.23%,2.90%,4
49,California,LA SPA 8,2.40%,1.64%,3.49%,4
50,California,Region 12R,2.06%,1.27%,3.34%,4
51,California,Regions 13 and 19R,1.69%,1.18%,2.40%,4
52,California,Region 14 (Orange),2.35%,1.67%,3.30%,4
53,California,Region 15R (Fresno),2.06%,1.32%,3.18%,4
54,California,Region 16R (San Diego),2.96%,2.21%,3.96%,4
55,California,Region 17R,1.91%,1.30%,2.78%,4
56,California,Region 18R (San Bernardino),1.85%,1.23%,2.76%,4
57,California,Region 20R,2.12%,1.35%,3.33%,4
58,California,Region 21R,2.73%,1.79%,4.16%,4
59,Colorado,Colorado,2.54%,2.02%,3.19%,3
60,Colorado,Region 1,2.52%,1.66%,3.80%,4
61,Colorado,Region 2,2.17%,1.31%,3.57%,4
62,Colorado,Region 3,2.46%,1.69%,3.56%,4
63,Colorado,Region 4,1.91%,1.15%,3.14%,4
64,Colorado,Region 5,3.67%,2.45%,5.46%,4
65,Colorado,Region 6,2.79%,1.84%,4.21%,4
66,Colorado,Region 7,1.88%,1.15%,3.05%,4
67,Connecticut,Connecticut,2.39%,1.88%,3.03%,3
68,Connecticut,Eastern,2.46%,1.56%,3.87%,4
69,Connecticut,North Central,2.74%,1.88%,3.97%,4
70,Connecticut,Northwestern,2.26%,1.47%,3.46%,4
71,Connecticut,South Central,2.25%,1.51%,3.34%,4
72,Connecticut,Southwest,2.13%,1.38%,3.29%,4
73,Delaware,Delaware,2.00%,1.55%,2.59%,3
74,Delaware,Kent,1.68%,1.03%,2.73%,4
75,Delaware,New Castle (excluding Wilmington City),2.24%,1.66%,3.03%,4
76,Delaware,Sussex,1.62%,0.98%,2.67%,4
77,Delaware,Wilmington City,2.26%,1.27%,3.99%,4
78,District of Columbia,District of Columbia,3.44%,2.71%,4.36%,3
79,District of Columbia,Ward 1,3.74%,2.39%,5.81%,4
80,District of Columbia,Ward 2,5.14%,3.43%,7.64%,4
81,District of Columbia,Ward 3,3.13%,2.03%,4.81%,4
82,District of Columbia,Ward 4,2.93%,1.75%,4.86%,4
83,District of Columbia,Ward 5,3.54%,2.16%,5.75%,4
84,District of Columbia,Ward 6,2.87%,1.85%,4.41%,4
85,District of Columbia,Ward 7,3.37%,2.01%,5.62%,4
86,District of Columbia,Ward 8,2.67%,1.55%,4.58%,4
87,Florida,Florida,1.79%,1.52%,2.11%,3
88,Florida,Broward (Circuit 17),1.82%,1.21%,2.73%,4
89,Florida,Central I,2.07%,1.56%,2.75%,5
90,Florida,Circuit 9,2.08%,1.45%,2.98%,4
91,Florida,Circuit 18,2.06%,1.33%,3.18%,4
92,Florida,Central II,1.72%,1.35%,2.17%,5
93,Florida,Circuit 6,1.74%,1.15%,2.61%,4
94,Florida,Circuit 10,1.64%,1.03%,2.59%,4
95,Florida,Circuit 12,1.63%,1.02%,2.62%,4
96,Florida,Circuit 13 (Hillsborough),1.92%,1.29%,2.83%,4
97,Florida,Circuit 20,1.58%,0.99%,2.51%,4
98,Florida,Northeast,1.68%,1.28%,2.21%,5
99,Florida,Circuit 4,1.68%,1.04%,2.70%,4
100,Florida,Circuit 5,1.28%,0.78%,2.10%,4
101,Florida,Circuit 7,2.08%,1.34%,3.22%,4
102,Florida,"Circuit 8 plus Columbia, Dixie, Hamilton, Lafayette, and Suwannee",1.84%,1.11%,3.03%,4
103,Florida,Northwest,2.35%,1.76%,3.12%,5
104,Florida,Circuit 1,2.43%,1.62%,3.62%,4
105,Florida,Circuit 2 plus Madison and Taylor,2.50%,1.63%,3.82%,4
106,Florida,Circuit 14,1.92%,1.13%,3.25%,4
107,Florida,South (Circuits 11 and 16),1.35%,0.91%,2.00%,4
108,Florida,Southeast,1.97%,1.41%,2.73%,5
109,Florida,Circuit 15 (Palm Beach),2.14%,1.44%,3.17%,4
110,Florida,Circuit 19,1.60%,0.97%,2.61%,4
111,Georgia,Georgia,1.73%,1.35%,2.21%,3
112,Georgia,Region 1,1.28%,0.85%,1.92%,4
113,Georgia,Region 2,1.44%,0.89%,2.34%,4
114,Georgia,Region 3,2.70%,1.90%,3.83%,4
115,Georgia,Region 4,1.66%,0.95%,2.90%,4
116,Georgia,Region 5,1.29%,0.78%,2.13%,4
117,Georgia,Region 6,1.13%,0.68%,1.89%,4
118,Hawaii,Hawaii,2.00%,1.53%,2.60%,3
119,Hawaii,Hawaii Island,1.94%,1.17%,3.19%,4
120,Hawaii,Honolulu,1.89%,1.39%,2.56%,4
121,Hawaii,Kauai,2.47%,1.40%,4.32%,4
122,Hawaii,Maui,2.55%,1.55%,4.16%,4
123,Idaho,Idaho,1.15%,0.85%,1.57%,3
124,Idaho,Region 1,1.10%,0.62%,1.93%,4
125,Idaho,Region 2,1.49%,0.86%,2.57%,4
126,Idaho,Region 3,0.79%,0.46%,1.37%,4
127,Idaho,Region 4,1.51%,1.00%,2.28%,4
128,Idaho,Region 5,0.85%,0.50%,1.44%,4
129,Idaho,Region 6,1.15%,0.65%,2.04%,4
130,Idaho,Region 7,0.98%,0.58%,1.65%,4
131,Illinois,Illinois,1.74%,1.43%,2.12%,3
132,Illinois,Region 1 (Cook),1.92%,1.49%,2.48%,5
133,Illinois,Region 1.1 (Far North Side),2.16%,1.31%,3.53%,4
134,Illinois,Region 1.2 (Northwest Side),1.65%,0.98%,2.76%,4
135,Illinois,Region 1.3 (North Central Side),3.29%,2.01%,5.36%,4
136,Illinois,Region 1.4 (West Side),2.66%,1.60%,4.39%,4
137,Illinois,Region 1.5 (South Side),2.51%,1.41%,4.43%,4
138,Illinois,Region 1.6 (Southwest Side),1.76%,0.99%,3.10%,4
139,Illinois,Region 1.7 (Suburban Cook),1.37%,0.92%,2.04%,4
140,Illinois,Region 2,1.52%,1.17%,1.98%,5
141,Illinois,Region 2a (DuPage),1.54%,1.00%,2.37%,4
142,Illinois,Region 2b,1.52%,1.06%,2.18%,4
143,Illinois,Region 2c (Winnebago),1.46%,0.84%,2.53%,4
144,Illinois,Region 2d,1.52%,0.94%,2.44%,4
145,Illinois,Region 3,1.84%,1.32%,2.56%,5
146,Illinois,Region 3a (Champaign),2.94%,1.87%,4.61%,4
147,Illinois,Region 3b,1.65%,1.12%,2.44%,4
148,Illinois,Region 4,1.48%,0.99%,2.22%,5
149,Illinois,Region 4a (Sangamon),1.55%,0.92%,2.61%,4
150,Illinois,Region 4b,1.46%,0.91%,2.35%,4
151,Illinois,Region 5,1.79%,1.25%,2.54%,5
152,Illinois,Region 5a,1.92%,1.20%,3.07%,4
153,Illinois,Region 5b,1.68%,1.06%,2.66%,4
154,Indiana,Indiana,1.17%,0.86%,1.60%,3
155,Indiana,Central,1.19%,0.74%,1.90%,4
156,Indiana,East,1.19%,0.69%,2.02%,4
157,Indiana,North Central,1.08%,0.62%,1.88%,4
158,Indiana,Northeast,1.16%,0.67%,2.00%,4
159,Indiana,Northwest,1.21%,0.70%,2.10%,4
160,Indiana,Southeast,1.04%,0.60%,1.81%,4
161,Indiana,Southwest,0.99%,0.56%,1.73%,4
162,Indiana,West,1.48%,0.88%,2.48%,4
163,Iowa,Iowa,1.05%,0.76%,1.46%,3
164,Iowa,Central,1.13%,0.67%,1.88%,4
165,Iowa,North Central,1.06%,0.61%,1.84%,4
166,Iowa,Northeast,1.20%,0.75%,1.92%,4
167,Iowa,Northwest,0.86%,0.50%,1.49%,4
168,Iowa,Southeast,1.04%,0.61%,1.76%,4
169,Iowa,Southwest,0.87%,0.48%,1.55%,4
170,Kansas,Kansas,1.16%,0.85%,1.59%,3
171,Kansas,Northeast,1.16%,0.78%,1.73%,4
172,Kansas,Northwest and North Central,1.38%,0.76%,2.48%,4
173,Kansas,South Central,1.05%,0.67%,1.64%,4
174,Kansas,Southeast,1.23%,0.69%,2.20%,4
175,Kansas,Southwest,1.30%,0.73%,2.30%,4
176,Kentucky,Kentucky,1.57%,1.18%,2.08%,3
177,Kentucky,"Adanta, Cumberland River, and Lifeskills",1.45%,0.86%,2.43%,4
178,Kentucky,"Bluegrass, Comprehend, and North Key",1.60%,1.07%,2.38%,4
179,Kentucky,Centerstone,1.86%,1.20%,2.87%,4
180,Kentucky,Communicare and River Valley,1.48%,0.83%,2.60%,4
181,Kentucky,Four Rivers and Pennyroyal,1.19%,0.67%,2.09%,4
182,Kentucky,"Kentucky River, Mountain, and Pathways",1.47%,0.86%,2.51%,4
183,Louisiana,Louisiana,1.65%,1.22%,2.24%,3
184,Louisiana,Regions 1 and 10,2.27%,1.45%,3.54%,5
185,Louisiana,Region 1,3.06%,1.77%,5.27%,4
186,Louisiana,Region 10 (Jefferson),1.41%,0.81%,2.47%,4
187,Louisiana,Regions 2 and 9,1.54%,0.98%,2.42%,4
188,Louisiana,Region 3,1.51%,0.87%,2.60%,4
189,Louisiana,"Regions 4, 5, and 6",1.53%,0.92%,2.54%,4
190,Louisiana,Regions 7 and 8,1.41%,0.83%,2.39%,4
191,Maine,Maine,1.80%,1.38%,2.34%,3
192,Maine,Aroostook/Downeast,1.58%,1.02%,2.44%,5
193,Maine,Aroostook,1.59%,0.90%,2.79%,4
194,Maine,Downeast,1.57%,0.90%,2.73%,4
195,Maine,Central,1.45%,0.84%,2.50%,4
196,Maine,Cumberland,2.36%,1.58%,3.53%,4
197,Maine,Midcoast,1.48%,0.86%,2.54%,4
198,Maine,Penquis,1.81%,1.11%,2.96%,4
199,Maine,Western,1.74%,1.06%,2.87%,4
200,Maine,York,1.73%,1.08%,2.75%,4
201,Maryland,Maryland,1.49%,1.10%,2.01%,3
202,Maryland,Anne Arundel,1.36%,0.78%,2.39%,4
203,Maryland,Baltimore City,2.67%,1.57%,4.51%,4
204,Maryland,Baltimore County,1.44%,0.84%,2.43%,4
205,Maryland,Montgomery,1.25%,0.75%,2.07%,4
206,Maryland,North Central,1.33%,0.78%,2.25%,4
207,Maryland,Northeast,1.51%,0.88%,2.56%,4
208,Maryland,Prince George's,1.39%,0.78%,2.48%,4
209,Maryland,South,1.30%,0.76%,2.23%,4
210,Maryland,West,1.30%,0.76%,2.21%,4
211,Massachusetts,Massachusetts,2.65%,2.11%,3.31%,3
212,Massachusetts,Boston,3.98%,2.62%,6.00%,4
213,Massachusetts,Central,2.35%,1.50%,3.65%,4
214,Massachusetts,Metrowest,2.61%,1.76%,3.85%,4
215,Massachusetts,Northeast,2.22%,1.50%,3.27%,4
216,Massachusetts,Southeast,2.53%,1.66%,3.82%,4
217,Massachusetts,Western,2.54%,1.59%,4.04%,4
218,Michigan,Michigan,1.32%,1.07%,1.63%,3
219,Michigan,Region 1,1.10%,0.63%,1.91%,4
220,Michigan,Region 2,1.01%,0.59%,1.72%,4
221,Michigan,Region 3,1.22%,0.80%,1.87%,4
222,Michigan,Region 4,1.28%,0.82%,1.99%,4
223,Michigan,Region 5,1.17%,0.80%,1.71%,4
224,Michigan,Region 6,1.55%,0.99%,2.42%,4
225,Michigan,Region 7,1.58%,1.03%,2.42%,4
226,Michigan,Region 8,1.25%,0.82%,1.89%,4
227,Michigan,Region 9,1.23%,0.78%,1.92%,4
228,Michigan,Region 10,1.56%,0.96%,2.51%,4
229,Minnesota,Minnesota,1.55%,1.15%,2.07%,3
230,Minnesota,Regions 1 and 2,1.40%,0.87%,2.25%,5
231,Minnesota,Region 1,1.45%,0.80%,2.61%,4
232,Minnesota,Region 2,1.37%,0.77%,2.45%,4
233,Minnesota,Regions 3 and 4,1.19%,0.78%,1.82%,5
234,Minnesota,Region 3,1.26%,0.69%,2.28%,4
235,Minnesota,Region 4,1.16%,0.71%,1.90%,4
236,Minnesota,Regions 5 and 6,1.25%,0.81%,1.92%,5
237,Minnesota,Region 5,1.19%,0.70%,2.01%,4
238,Minnesota,Region 6,1.30%,0.74%,2.28%,4
239,Minnesota,Region 7,1.78%,1.28%,2.48%,5
240,Minnesota,Region 7A (Hennepin),2.57%,1.69%,3.87%,4
241,Minnesota,Region 7B (Ramsey),1.62%,0.95%,2.75%,4
242,Minnesota,Region 7C,1.07%,0.66%,1.75%,4
243,Mississippi,Mississippi,1.08%,0.74%,1.56%,3
244,Mississippi,Region 1,1.20%,0.71%,2.03%,4
245,Mississippi,Region 2,1.15%,0.62%,2.11%,4
246,Mississippi,Region 3,1.19%,0.65%,2.15%,4
247,Mississippi,Region 4,1.12%,0.62%,2.02%,4
248,Mississippi,Region 5,0.96%,0.47%,1.93%,4
249,Mississippi,Region 6,0.95%,0.52%,1.73%,4
250,Mississippi,Region 7,0.83%,0.46%,1.50%,4
251,Missouri,Missouri,1.23%,0.91%,1.66%,3
252,Missouri,Central,1.68%,1.03%,2.72%,4
253,Missouri,Eastern,1.37%,0.92%,2.03%,5
254,Missouri,Eastern (St. Louis City and County),1.32%,0.79%,2.18%,4
255,Missouri,Eastern (excluding St. Louis),1.46%,0.88%,2.41%,4
256,Missouri,Northwest,1.09%,0.70%,1.69%,5
257,Missouri,Northwest (Jackson),1.21%,0.69%,2.08%,4
258,Missouri,Northwest (excluding Jackson),0.99%,0.57%,1.72%,4
259,Missouri,Southeast,0.96%,0.56%,1.65%,4
260,Missouri,Southwest,0.93%,0.54%,1.59%,4
261,Montana,Montana,1.64%,1.26%,2.13%,3
262,Montana,Region 1,1.42%,0.80%,2.51%,4
263,Montana,Region 2,1.34%,0.83%,2.17%,4
264,Montana,Region 3,1.47%,0.95%,2.29%,4
265,Montana,Region 4,1.72%,1.15%,2.56%,4
266,Montana,Region 5,1.89%,1.29%,2.76%,4
267,Nebraska,Nebraska,1.43%,1.07%,1.92%,3
268,Nebraska,Regions 1 and 2,1.17%,0.73%,1.87%,5
269,Nebraska,Region 1,1.19%,0.66%,2.13%,4
270,Nebraska,Region 2,1.15%,0.64%,2.07%,4
271,Nebraska,Region 3,1.44%,0.85%,2.42%,4
272,Nebraska,Region 4,0.97%,0.56%,1.68%,4
273,Nebraska,Region 5,1.31%,0.80%,2.13%,4
274,Nebraska,Region 6,1.69%,1.16%,2.46%,4
275,Nevada,Nevada,1.78%,1.33%,2.38%,3
276,Nevada,Clark - Region 1,1.67%,1.18%,2.36%,4
277,Nevada,Region 3,1.52%,0.94%,2.48%,5
278,Nevada,Capital District,1.65%,0.90%,2.98%,4
279,Nevada,Rural/Frontier,1.42%,0.78%,2.57%,4
280,Nevada,Washoe - Region 2,2.51%,1.64%,3.81%,4
281,New Hampshire,New Hampshire,2.89%,2.33%,3.57%,3
282,New Hampshire,Central,2.62%,1.94%,3.53%,4
283,New Hampshire,Central 1,2.43%,1.60%,3.69%,5
284,New Hampshire,Central 2,2.80%,1.93%,4.06%,5
285,New Hampshire,Northern,2.59%,1.67%,4.00%,4
286,New Hampshire,Southern,3.08%,2.39%,3.98%,4
287,New Hampshire,Southern 1 (Rockingham),2.30%,1.54%,3.41%,5
288,New Hampshire,Southern 2,3.58%,2.65%,4.82%,5
289,New Jersey,New Jersey,1.82%,1.45%,2.27%,3
290,New Jersey,Central,1.80%,1.20%,2.69%,4
291,New Jersey,Metropolitan,1.66%,1.09%,2.53%,4
292,New Jersey,Northern,1.78%,1.28%,2.48%,4
293,New Jersey,Southern,2.07%,1.42%,3.00%,4
294,New Mexico,New Mexico,2.01%,1.54%,2.62%,3
295,New Mexico,Region 1,1.91%,1.18%,3.09%,4
296,New Mexico,Region 2,1.68%,1.02%,2.75%,4
297,New Mexico,Region 3 (Bernalillo),2.25%,1.56%,3.23%,4
298,New Mexico,Region 4,1.91%,1.15%,3.14%,4
299,New Mexico,Region 5,2.02%,1.38%,2.96%,5
300,New Mexico,Region 5a,1.95%,1.15%,3.27%,4
301,New Mexico,Region 5b (Dona Ana),2.09%,1.30%,3.36%,4
302,New York,New York,2.54%,2.20%,2.92%,3
303,New York,Region 1: Long Island,2.05%,1.49%,2.81%,4
304,New York,Region 2: New York City,3.05%,2.52%,3.68%,5
305,New York,Region 2A: Bronx,2.03%,1.31%,3.14%,4
306,New York,Region 2B: Kings,3.26%,2.35%,4.51%,4
307,New York,Region 2C: New York,5.12%,3.81%,6.86%,4
308,New York,Region 2D: Queens,2.02%,1.38%,2.94%,4
309,New York,Region 2E: Richmond,2.33%,1.48%,3.66%,4
310,New York,Region 3: Mid-Hudson,1.77%,1.21%,2.57%,4
311,New York,Region 4: Capital Region,2.64%,1.80%,3.86%,4
312,New York,Region 5: Mohawk Valley,2.79%,1.72%,4.50%,4
313,New York,Region 6: North Country,2.42%,1.50%,3.90%,4
314,New York,Region 7: Tug Hill Seaway,1.89%,1.16%,3.08%,4
315,New York,Region 8: Central,2.94%,2.05%,4.21%,4
316,New York,Region 9: Southern Tier,3.00%,1.94%,4.62%,4
317,New York,Region 10: Finger Lakes,2.10%,1.42%,3.11%,4
318,New York,Region 11: Western,1.80%,1.25%,2.58%,4
319,North Carolina,North Carolina,1.74%,1.38%,2.18%,3
320,North Carolina,Alliance Behavioral Healthcare 1,1.92%,1.16%,3.16%,4
321,North Carolina,Alliance Behavioral Healthcare 2,1.55%,0.96%,2.50%,4
322,North Carolina,Cardinal Innovations Healthcare Solutions 1,1.24%,0.73%,2.10%,4
323,North Carolina,Cardinal Innovations Healthcare Solutions 2,1.88%,1.15%,3.07%,4
324,North Carolina,Cardinal Innovations Healthcare Solutions 3,2.04%,1.30%,3.20%,4
325,North Carolina,CenterPoint Human Services,1.84%,1.09%,3.10%,4
326,North Carolina,Eastpointe,1.59%,0.94%,2.67%,4
327,North Carolina,Partners Behavioral Health Management,1.28%,0.77%,2.11%,4
328,North Carolina,Sandhills Center 1,1.77%,1.03%,3.03%,4
329,North Carolina,Sandhills Center 2,2.34%,1.40%,3.88%,4
330,North Carolina,Smoky Mountain Center 1,1.71%,1.04%,2.78%,4
331,North Carolina,Smoky Mountain Center 2,1.24%,0.72%,2.10%,4
332,North Carolina,Trillium Healthcare Resources 1,2.08%,1.31%,3.27%,4
333,North Carolina,Trillium Healthcare Resources 2,2.13%,1.31%,3.42%,4
334,North Dakota,North Dakota,1.17%,0.86%,1.59%,3
335,North Dakota,Badlands and West Central,1.03%,0.65%,1.62%,5
336,North Dakota,Badlands,1.12%,0.62%,2.01%,4
337,North Dakota,West Central,1.00%,0.60%,1.68%,4
338,North Dakota,Lake Region,0.87%,0.47%,1.61%,4
339,North Dakota,North Central,1.35%,0.80%,2.26%,4
340,North Dakota,Northeast,1.23%,0.73%,2.07%,4
341,North Dakota,Northwest,1.15%,0.63%,2.09%,4
342,North Dakota,South Central,0.92%,0.51%,1.66%,4
343,North Dakota,Southeast,1.32%,0.88%,1.98%,4
344,Ohio,Ohio,1.55%,1.28%,1.87%,3
345,Ohio,"Boards 2, 46, 55, and 68",1.37%,0.82%,2.29%,4
346,Ohio,"Boards 3, 52, and 85",1.37%,0.81%,2.31%,4
347,Ohio,Boards 4 and 78,1.49%,0.90%,2.45%,4
348,Ohio,Boards 5 and 60,1.75%,1.06%,2.87%,4
349,Ohio,"Boards 7, 15, 41, 79, and 84",1.47%,0.87%,2.48%,4
350,Ohio,"Boards 8, 13, and 83",1.40%,0.83%,2.35%,4
351,Ohio,Board 9 (Butler),1.76%,1.07%,2.88%,4
352,Ohio,Board 12,1.78%,1.08%,2.93%,4
353,Ohio,Boards 18 and 47,1.21%,0.77%,1.89%,4
354,Ohio,"Boards 20, 32, 54, and 69",1.23%,0.75%,2.01%,4
355,Ohio,"Boards 21, 39, 51, 70, and 80",1.40%,0.88%,2.24%,4
356,Ohio,"Boards 22, 74, and 87",1.41%,0.87%,2.28%,4
357,Ohio,Boards 23 and 45,1.16%,0.70%,1.92%,4
358,Ohio,Board 25 (Franklin),2.15%,1.50%,3.07%,4
359,Ohio,"Boards 27, 71, and 73",2.03%,1.18%,3.44%,4
360,Ohio,"Boards 28, 43, and 67",1.27%,0.79%,2.03%,4
361,Ohio,Board 31 (Hamilton),1.96%,1.25%,3.05%,4
362,Ohio,Board 48 (Lucas),1.74%,1.05%,2.88%,4
363,Ohio,Boards 50 and 76,1.48%,0.91%,2.39%,4
364,Ohio,Board 57 (Montgomery),1.42%,0.85%,2.39%,4
365,Ohio,Board 77 (Summit),1.33%,0.82%,2.16%,4
366,Oklahoma,Oklahoma,1.07%,0.76%,1.50%,3
367,Oklahoma,Central,0.95%,0.54%,1.68%,4
368,Oklahoma,East Central,0.82%,0.44%,1.54%,4
369,Oklahoma,Northeast,0.90%,0.50%,1.61%,4
370,Oklahoma,Northwest and Southwest,1.04%,0.59%,1.81%,4
371,Oklahoma,Oklahoma County,1.32%,0.80%,2.17%,4
372,Oklahoma,Southeast,0.88%,0.48%,1.61%,4
373,Oklahoma,Tulsa County,1.36%,0.82%,2.26%,4
374,Oregon,Oregon,2.53%,2.04%,3.12%,3
375,Oregon,Region 1 (Multnomah),4.28%,3.10%,5.89%,4
376,Oregon,Region 2,1.99%,1.36%,2.91%,4
377,Oregon,Region 3,2.23%,1.56%,3.17%,4
378,Oregon,Region 4,1.91%,1.21%,3.02%,4
379,Oregon,Region 5 (Central),2.02%,1.17%,3.48%,4
380,Oregon,Region 6 (Eastern),2.26%,1.33%,3.79%,4
381,Pennsylvania,Pennsylvania,1.75%,1.44%,2.13%,3
382,Pennsylvania,Region 1 (Allegheny),2.15%,1.46%,3.15%,4
383,Pennsylvania,"Regions 3, 8, 9, and 51",1.21%,0.74%,1.96%,4
384,Pennsylvania,"Regions 4, 11, 37, and 49",1.23%,0.76%,2.00%,4
385,Pennsylvania,"Regions 5, 18, 23, 24, and 46",1.14%,0.71%,1.85%,4
386,Pennsylvania,"Regions 6, 12, 16, 31, 35, 45, and 47",2.05%,1.33%,3.14%,4
387,Pennsylvania,"Regions 7, 13, 20, and 33",1.82%,1.32%,2.52%,4
388,Pennsylvania,"Regions 10, 15, 27, 32, 43, and 44",1.28%,0.75%,2.18%,4
389,Pennsylvania,Regions 17 and 21,1.73%,1.03%,2.88%,4
390,Pennsylvania,"Regions 19, 26, 28, and 42",1.33%,0.89%,1.99%,4
391,Pennsylvania,"Regions 22, 38, 40, 41, and 48",1.41%,0.85%,2.34%,4
392,Pennsylvania,Regions 29 and 34,1.19%,0.71%,1.97%,4
393,Pennsylvania,Regions 30 and 50,1.19%,0.70%,2.03%,4
394,Pennsylvania,Region 36 (Philadelphia),3.26%,2.16%,4.91%,4
395,Rhode Island,Rhode Island,2.56%,2.00%,3.27%,3
396,Rhode Island,Region 1: Southern Providence County,2.27%,1.44%,3.57%,4
397,Rhode Island,Region 2: Northern Providence County/Blackstone Valley,2.47%,1.62%,3.76%,4
398,Rhode Island,Region 3: Providence,3.29%,2.11%,5.10%,4
399,Rhode Island,Region 4: Kent County,2.01%,1.30%,3.11%,4
400,Rhode Island,Region 5: East Bay,2.55%,1.60%,4.05%,4
401,Rhode Island,Region 6: Newport County,2.61%,1.62%,4.16%,4
402,Rhode Island,Region 7: South County,2.87%,1.89%,4.35%,4
403,South Carolina,South Carolina,1.46%,1.09%,1.95%,3
404,South Carolina,Region 1,0.99%,0.60%,1.63%,4
405,South Carolina,Region 2,1.44%,0.90%,2.29%,4
406,South Carolina,Region 3,1.46%,0.87%,2.44%,4
407,South Carolina,Region 4,2.02%,1.34%,3.03%,4
408,South Dakota,South Dakota,0.98%,0.70%,1.38%,3
409,South Dakota,Region 1,1.31%,0.80%,2.13%,4
410,South Dakota,Region 2,0.95%,0.51%,1.75%,4
411,South Dakota,Region 3,0.94%,0.56%,1.55%,4
412,South Dakota,Region 4,0.92%,0.53%,1.58%,4
413,South Dakota,Region 5,0.77%,0.46%,1.28%,4
414,Tennessee,Tennessee,1.48%,1.10%,1.98%,3
415,Tennessee,Region 1,1.23%,0.73%,2.08%,4
416,Tennessee,Region 2,1.14%,0.69%,1.90%,4
417,Tennessee,Region 3,1.40%,0.84%,2.34%,4
418,Tennessee,Region 4 (Davidson),2.26%,1.34%,3.79%,4
419,Tennessee,Region 5,1.64%,1.06%,2.53%,4
420,Tennessee,Region 6,1.36%,0.78%,2.37%,4
421,Tennessee,Region 7 (Shelby),1.40%,0.79%,2.46%,4
422,Texas,Texas,1.40%,1.18%,1.66%,3
423,Texas,Region 1,1.57%,0.96%,2.55%,4
424,Texas,Region 2,1.45%,0.87%,2.38%,4
425,Texas,Region 3,1.21%,0.92%,1.60%,4
426,Texas,Region 3a,1.18%,0.83%,1.68%,5
427,Texas,Region 3bc,1.27%,0.84%,1.91%,5
428,Texas,Region 4,1.27%,0.79%,2.02%,4
429,Texas,Region 5,1.33%,0.81%,2.18%,4
430,Texas,Region 6,1.33%,0.99%,1.78%,4
431,Texas,Region 6a,1.31%,0.95%,1.81%,5
432,Texas,Region 6bc,1.49%,0.89%,2.46%,5
433,Texas,Region 7,2.13%,1.58%,2.86%,4
434,Texas,Region 7a,2.18%,1.51%,3.15%,5
435,Texas,Region 7bcd,2.03%,1.32%,3.12%,5
436,Texas,Region 8,1.19%,0.79%,1.78%,4
437,Texas,Region 9,2.19%,1.32%,3.64%,4
438,Texas,Region 10,1.38%,0.85%,2.25%,4
439,Texas,Region 11,1.20%,0.84%,1.72%,4
440,Texas,Region 11abd,1.30%,0.83%,2.03%,5
441,Texas,Region 11c (Hidalgo),1.04%,0.65%,1.68%,5
442,Utah,Utah,0.97%,0.68%,1.39%,3
443,Utah,"Bear River, Northeastern, Summit, Tooele, and Wasatch",0.85%,0.47%,1.54%,4
444,Utah,"Central, Four Corners, San Juan, and Southwest",0.84%,0.50%,1.40%,5
445,Utah,"Central, Four Corners, and San Juan",0.79%,0.42%,1.49%,4
446,Utah,Southwest,0.87%,0.47%,1.59%,4
447,Utah,Davis County,0.83%,0.45%,1.51%,4
448,Utah,Salt Lake County,1.16%,0.75%,1.79%,4
449,Utah,Utah County,0.92%,0.53%,1.59%,4
450,Utah,"Weber, Morgan",0.79%,0.44%,1.41%,4
451,Vermont,Vermont,3.05%,2.46%,3.78%,3
452,Vermont,Champlain Valley,3.79%,2.88%,4.97%,4
453,Vermont,Rural Northeast,3.11%,2.07%,4.66%,4
454,Vermont,Rural Southeast,1.97%,1.26%,3.06%,4
455,Vermont,Rural Southwest,2.50%,1.60%,3.89%,4
456,Virginia,Virginia,1.43%,1.11%,1.84%,3
457,Virginia,Region 1,1.24%,0.78%,1.95%,4
458,Virginia,Region 2,1.04%,0.68%,1.60%,4
459,Virginia,Region 3,1.69%,1.10%,2.57%,4
460,Virginia,Region 4,1.64%,1.08%,2.51%,4
461,Virginia,Region 5,1.69%,1.11%,2.58%,4
462,Washington,Washington,1.91%,1.46%,2.49%,3
463,Washington,Region 1,1.61%,1.08%,2.40%,4
464,Washington,Greater Columbia and North Central,1.53%,0.93%,2.51%,5
465,Washington,Spokane,1.75%,1.02%,2.97%,5
466,Washington,Region 2,2.21%,1.60%,3.05%,4
467,Washington,King,2.71%,1.88%,3.88%,5
468,Washington,North Sound,1.34%,0.81%,2.21%,5
469,Washington,Region 3,1.66%,1.17%,2.35%,4
470,Washington,Pierce,1.62%,1.00%,2.61%,5
471,Washington,Salish,1.78%,1.03%,3.06%,5
472,Washington,SW WA and Great Rivers,1.70%,1.02%,2.81%,5
473,Washington,Thurston-Mason,1.58%,0.87%,2.83%,5
474,West Virginia,West Virginia,1.32%,0.97%,1.79%,3
475,West Virginia,Region I,1.30%,0.72%,2.32%,4
476,West Virginia,Region II,1.03%,0.59%,1.79%,4
477,West Virginia,Region III,1.04%,0.58%,1.87%,4
478,West Virginia,Region IV,2.04%,1.35%,3.08%,4
479,West Virginia,Region V,1.07%,0.65%,1.75%,4
480,West Virginia,Region VI,1.21%,0.72%,2.02%,4
481,Wisconsin,Wisconsin,1.49%,1.13%,1.96%,3
482,Wisconsin,Milwaukee,1.66%,1.00%,2.74%,4
483,Wisconsin,Northeastern,1.17%,0.71%,1.93%,4
484,Wisconsin,Northern,1.32%,0.76%,2.30%,4
485,Wisconsin,Southeastern,1.70%,1.06%,2.71%,4
486,Wisconsin,Southern,1.64%,1.09%,2.48%,4
487,Wisconsin,Western,1.36%,0.83%,2.21%,4
488,Wyoming,Wyoming,1.35%,1.01%,1.80%,3
489,Wyoming,Judicial District 1 (Laramie),1.29%,0.78%,2.13%,4
490,Wyoming,Judicial District 2,1.85%,1.15%,2.96%,4
491,Wyoming,Judicial District 3,1.22%,0.73%,2.03%,4
492,Wyoming,Judicial District 4,1.15%,0.65%,2.01%,4
493,Wyoming,Judicial District 5,1.06%,0.62%,1.83%,4
494,Wyoming,Judicial District 6,1.27%,0.78%,2.08%,4
495,Wyoming,Judicial District 7 (Natrona),1.56%,0.96%,2.51%,4
496,Wyoming,Judicial District 8,1.05%,0.60%,1.83%,4
497,Wyoming,Judicial District 9,1.51%,0.90%,2.52%,4
