"Table 1. Marijuana Use in the Past Year among Individuals Aged 12 or Older, by State and Substate Region: Percentages, Annual Averages Based on 2014, 2015, and 2016 NSDUHs",,,,,,
"NOTE: For substate region definitions, see the ""2014-2016 National Survey on Drug Use and Health Substate Region Definitions"" at https://www.samhsa.gov/data/.",,,,,,
"NOTE: The substate, state, and census region estimates along with the 95 percent confidence (credible) intervals are based on a survey-weighted hierarchical Bayes estimation approach and are generated by Markov Chain Monte Carlo techniques. For the ""Total U.S."" row, design-based (direct) estimates and corresponding 95 percent confidence intervals are given.",,,,,,
"NOTE: The column labeled ""Order"" can be used to sort the data to the original sort order.",,,,,,
"NOTE: The column labeled ""Map Group"" can be used to distinguish substate regions included in the maps from other substate regions. In the ""Map Group"" column, a ""1"" represents the national estimate, a ""2"" represents the census region estimates, a ""3"" represents the state-level estimates, a ""4"" represents the substate/aggregate region-level estimates included in the maps, and a ""5"" represents the other substate/aggregate region-level estimates that are not included in the maps.",,,,,,
"Source: SAMHSA, Center for Behavioral Health Statistics and Quality, National Survey on Drug Use and Health, 2014, 2015, and 2016.",,,,,,
Order,State,Substate Region,"Small Area Estimate",95% CI (Lower),95% CI (Upper),"Map Group"
1,Total United States,Total United States,13.55%,13.32%,13.79%,1
2,Northeast,Northeast,14.86%,14.31%,15.43%,2
3,Midwest,Midwest,12.86%,12.39%,13.35%,2
4,South,South,11.66%,11.24%,12.09%,2
5,West,West,16.19%,15.64%,16.76%,2
6,Alabama,Alabama,9.43%,8.34%,10.64%,3
7,Alabama,Region 1,9.55%,7.92%,11.47%,4
8,Alabama,Region 2,10.39%,8.67%,12.40%,4
9,Alabama,Region 3,8.42%,6.72%,10.51%,4
10,Alabama,Region 4,8.71%,7.02%,10.76%,4
11,Alaska,Alaska,22.83%,21.09%,24.68%,3
12,Alaska,Anchorage,21.53%,19.24%,24.01%,4
13,Alaska,Northern,25.79%,22.33%,29.58%,4
14,Alaska,South Central,21.90%,18.88%,25.26%,4
15,Alaska,Southeast,24.02%,19.83%,28.78%,4
16,Arizona,Arizona,12.53%,11.23%,13.95%,3
17,Arizona,Central,13.05%,11.51%,14.76%,4
18,Arizona,North,10.99%,8.58%,13.97%,4
19,Arizona,South,12.08%,10.10%,14.39%,5
20,Arizona,South A,12.76%,10.31%,15.68%,4
21,Arizona,South B,11.26%,8.79%,14.31%,4
22,Arkansas,Arkansas,11.52%,10.29%,12.88%,3
23,Arkansas,Catchment Area 1,11.82%,9.64%,14.42%,4
24,Arkansas,Catchment Area 2,8.74%,6.75%,11.25%,4
25,Arkansas,Catchment Area 3,10.83%,8.74%,13.35%,4
26,Arkansas,Catchment Area 4,9.44%,7.37%,12.02%,4
27,Arkansas,Catchment Area 5,10.94%,8.74%,13.61%,4
28,Arkansas,Catchment Area 6,13.08%,10.21%,16.61%,4
29,Arkansas,Catchment Area 7,10.14%,7.67%,13.31%,4
30,Arkansas,Catchment Area 8,14.79%,12.20%,17.82%,4
31,California,California,15.87%,15.10%,16.68%,3
32,California,Region 1R,21.55%,18.02%,25.55%,4
33,California,Region 2R,17.04%,14.30%,20.18%,4
34,California,Region 3R (Sacramento),17.39%,14.79%,20.33%,4
35,California,Region 4R,17.93%,14.97%,21.33%,4
36,California,Region 5R (San Francisco),24.71%,20.51%,29.45%,4
37,California,Region 6 (Santa Clara),13.67%,11.63%,15.99%,4
38,California,Region 7R (Contra Costa),16.84%,14.04%,20.08%,4
39,California,Region 8R (Alameda),17.75%,15.09%,20.76%,4
40,California,Region 9R (San Mateo),16.05%,13.06%,19.56%,4
41,California,Region 10,16.99%,14.05%,20.41%,4
42,California,Region 11 (Los Angeles),15.30%,14.13%,16.55%,5
43,California,LA SPA 1 and 5,18.46%,15.25%,22.17%,4
44,California,LA SPA 2,15.22%,12.91%,17.86%,4
45,California,LA SPA 3,10.82%,8.82%,13.21%,4
46,California,LA SPA 4,19.69%,16.18%,23.74%,4
47,California,LA SPA 6,15.64%,12.90%,18.84%,4
48,California,LA SPA 7,12.59%,10.30%,15.31%,4
49,California,LA SPA 8,17.09%,14.53%,20.00%,4
50,California,Region 12R,14.62%,11.74%,18.06%,4
51,California,Regions 13 and 19R,13.30%,11.46%,15.40%,4
52,California,Region 14 (Orange),13.69%,11.70%,15.95%,4
53,California,Region 15R (Fresno),13.83%,11.32%,16.78%,4
54,California,Region 16R (San Diego),17.72%,15.61%,20.04%,4
55,California,Region 17R,13.34%,11.36%,15.59%,4
56,California,Region 18R (San Bernardino),13.78%,11.68%,16.19%,4
57,California,Region 20R,13.52%,10.97%,16.55%,4
58,California,Region 21R,20.55%,17.05%,24.56%,4
59,Colorado,Colorado,22.74%,20.93%,24.65%,3
60,Colorado,Region 1,23.50%,19.96%,27.45%,4
61,Colorado,Region 2,19.52%,15.63%,24.10%,4
62,Colorado,Region 3,19.50%,16.78%,22.55%,4
63,Colorado,Region 4,19.23%,15.32%,23.86%,4
64,Colorado,Region 5,29.78%,25.20%,34.81%,4
65,Colorado,Region 6,26.34%,22.65%,30.39%,4
66,Colorado,Region 7,20.52%,17.09%,24.43%,4
67,Connecticut,Connecticut,14.95%,13.47%,16.56%,3
68,Connecticut,Eastern,18.04%,14.91%,21.66%,4
69,Connecticut,North Central,15.43%,13.13%,18.05%,4
70,Connecticut,Northwestern,14.02%,11.49%,17.00%,4
71,Connecticut,South Central,14.35%,12.03%,17.03%,4
72,Connecticut,Southwest,13.85%,11.34%,16.80%,4
73,Delaware,Delaware,13.73%,12.38%,15.21%,3
74,Delaware,Kent,13.61%,11.36%,16.21%,4
75,Delaware,New Castle (excluding Wilmington City),13.48%,11.81%,15.33%,4
76,Delaware,Sussex,11.81%,9.56%,14.50%,4
77,Delaware,Wilmington City,21.09%,17.00%,25.87%,4
78,District of Columbia,District of Columbia,24.28%,22.42%,26.25%,3
79,District of Columbia,Ward 1,32.56%,27.79%,37.72%,4
80,District of Columbia,Ward 2,31.02%,26.55%,35.89%,4
81,District of Columbia,Ward 3,19.06%,15.83%,22.78%,4
82,District of Columbia,Ward 4,18.49%,15.12%,22.41%,4
83,District of Columbia,Ward 5,24.79%,20.86%,29.20%,4
84,District of Columbia,Ward 6,21.62%,18.27%,25.40%,4
85,District of Columbia,Ward 7,22.47%,18.65%,26.81%,4
86,District of Columbia,Ward 8,23.83%,20.04%,28.09%,4
87,Florida,Florida,12.73%,11.90%,13.60%,3
88,Florida,Broward (Circuit 17),13.47%,11.38%,15.86%,4
89,Florida,Central I,14.05%,12.47%,15.80%,5
90,Florida,Circuit 9,14.04%,12.09%,16.24%,4
91,Florida,Circuit 18,14.07%,11.74%,16.77%,4
92,Florida,Central II,12.04%,10.91%,13.27%,5
93,Florida,Circuit 6,13.09%,11.04%,15.44%,4
94,Florida,Circuit 10,10.87%,8.85%,13.29%,4
95,Florida,Circuit 12,10.60%,8.44%,13.22%,4
96,Florida,Circuit 13 (Hillsborough),14.17%,12.09%,16.53%,4
97,Florida,Circuit 20,10.22%,8.14%,12.75%,4
98,Florida,Northeast,14.00%,12.54%,15.59%,5
99,Florida,Circuit 4,14.66%,12.21%,17.50%,4
100,Florida,Circuit 5,12.39%,10.13%,15.08%,4
101,Florida,Circuit 7,13.66%,11.19%,16.57%,4
102,Florida,"Circuit 8 plus Columbia, Dixie, Hamilton, Lafayette, and Suwannee",16.45%,13.26%,20.21%,4
103,Florida,Northwest,16.04%,14.18%,18.09%,5
104,Florida,Circuit 1,13.91%,11.47%,16.78%,4
105,Florida,Circuit 2 plus Madison and Taylor,20.09%,17.07%,23.51%,4
106,Florida,Circuit 14,15.08%,11.90%,18.92%,4
107,Florida,South (Circuits 11 and 16),9.15%,7.80%,10.71%,4
108,Florida,Southeast,12.41%,10.69%,14.36%,5
109,Florida,Circuit 15 (Palm Beach),12.48%,10.40%,14.91%,4
110,Florida,Circuit 19,12.24%,9.87%,15.08%,4
111,Georgia,Georgia,12.28%,11.20%,13.44%,3
112,Georgia,Region 1,10.92%,9.29%,12.79%,4
113,Georgia,Region 2,11.40%,9.41%,13.74%,4
114,Georgia,Region 3,15.28%,13.43%,17.34%,4
115,Georgia,Region 4,11.51%,9.11%,14.45%,4
116,Georgia,Region 5,10.96%,8.81%,13.56%,4
117,Georgia,Region 6,10.57%,8.59%,12.95%,4
118,Hawaii,Hawaii,12.74%,11.37%,14.24%,3
119,Hawaii,Hawaii Island,16.16%,12.97%,19.96%,4
120,Hawaii,Honolulu,11.18%,9.73%,12.82%,4
121,Hawaii,Kauai,18.29%,14.40%,22.96%,4
122,Hawaii,Maui,15.99%,12.78%,19.84%,4
123,Idaho,Idaho,11.92%,10.71%,13.24%,3
124,Idaho,Region 1,12.80%,10.23%,15.90%,4
125,Idaho,Region 2,13.80%,10.81%,17.45%,4
126,Idaho,Region 3,9.30%,7.44%,11.58%,4
127,Idaho,Region 4,15.48%,13.35%,17.87%,4
128,Idaho,Region 5,9.97%,7.85%,12.58%,4
129,Idaho,Region 6,11.10%,8.37%,14.59%,4
130,Idaho,Region 7,8.12%,6.37%,10.32%,4
131,Illinois,Illinois,12.29%,11.41%,13.22%,3
132,Illinois,Region 1 (Cook),13.50%,12.23%,14.89%,5
133,Illinois,Region 1.1 (Far North Side),13.84%,10.88%,17.44%,4
134,Illinois,Region 1.2 (Northwest Side),11.89%,9.09%,15.40%,4
135,Illinois,Region 1.3 (North Central Side),19.35%,15.26%,24.22%,4
136,Illinois,Region 1.4 (West Side),17.21%,13.89%,21.12%,4
137,Illinois,Region 1.5 (South Side),17.30%,14.02%,21.17%,4
138,Illinois,Region 1.6 (Southwest Side),11.48%,9.12%,14.36%,4
139,Illinois,Region 1.7 (Suburban Cook),11.09%,9.57%,12.82%,4
140,Illinois,Region 2,10.98%,9.87%,12.20%,5
141,Illinois,Region 2a (DuPage),11.78%,9.74%,14.16%,4
142,Illinois,Region 2b,10.64%,9.18%,12.29%,4
143,Illinois,Region 2c (Winnebago),11.92%,9.23%,15.26%,4
144,Illinois,Region 2d,10.58%,8.47%,13.15%,4
145,Illinois,Region 3,13.44%,11.64%,15.47%,5
146,Illinois,Region 3a (Champaign),19.39%,15.76%,23.61%,4
147,Illinois,Region 3b,12.45%,10.52%,14.68%,4
148,Illinois,Region 4,10.54%,8.85%,12.50%,5
149,Illinois,Region 4a (Sangamon),13.35%,10.31%,17.13%,4
150,Illinois,Region 4b,9.73%,7.87%,11.97%,4
151,Illinois,Region 5,11.34%,9.62%,13.33%,5
152,Illinois,Region 5a,11.10%,8.81%,13.89%,4
153,Illinois,Region 5b,11.53%,9.34%,14.16%,4
154,Indiana,Indiana,13.78%,12.43%,15.24%,3
155,Indiana,Central,14.30%,12.23%,16.67%,4
156,Indiana,East,15.94%,12.73%,19.77%,4
157,Indiana,North Central,11.54%,9.26%,14.30%,4
158,Indiana,Northeast,12.32%,9.85%,15.31%,4
159,Indiana,Northwest,13.31%,10.64%,16.51%,4
160,Indiana,Southeast,12.36%,9.72%,15.60%,4
161,Indiana,Southwest,12.07%,9.38%,15.41%,4
162,Indiana,West,17.96%,14.66%,21.83%,4
163,Iowa,Iowa,9.23%,8.15%,10.44%,3
164,Iowa,Central,9.38%,7.47%,11.71%,4
165,Iowa,North Central,10.05%,7.96%,12.61%,4
166,Iowa,Northeast,9.33%,7.70%,11.28%,4
167,Iowa,Northwest,8.16%,6.39%,10.35%,4
168,Iowa,Southeast,9.73%,7.94%,11.87%,4
169,Iowa,Southwest,8.40%,6.45%,10.87%,4
170,Kansas,Kansas,11.59%,10.37%,12.93%,3
171,Kansas,Northeast,12.33%,10.76%,14.09%,4
172,Kansas,Northwest and North Central,10.22%,7.77%,13.34%,4
173,Kansas,South Central,11.19%,9.34%,13.35%,4
174,Kansas,Southeast,11.26%,8.58%,14.64%,4
175,Kansas,Southwest,9.46%,7.09%,12.50%,4
176,Kentucky,Kentucky,12.66%,11.33%,14.12%,3
177,Kentucky,"Adanta, Cumberland River, and Lifeskills",11.04%,8.86%,13.67%,4
178,Kentucky,"Bluegrass, Comprehend, and North Key",13.82%,11.67%,16.28%,4
179,Kentucky,Centerstone,14.23%,11.87%,16.96%,4
180,Kentucky,Communicare and River Valley,11.46%,8.87%,14.67%,4
181,Kentucky,Four Rivers and Pennyroyal,10.47%,8.02%,13.55%,4
182,Kentucky,"Kentucky River, Mountain, and Pathways",11.95%,9.28%,15.26%,4
183,Louisiana,Louisiana,11.26%,10.04%,12.59%,3
184,Louisiana,Regions 1 and 10,14.38%,11.99%,17.15%,5
185,Louisiana,Region 1,17.19%,13.79%,21.22%,4
186,Louisiana,Region 10 (Jefferson),11.30%,8.73%,14.51%,4
187,Louisiana,Regions 2 and 9,12.33%,10.46%,14.47%,4
188,Louisiana,Region 3,8.93%,6.92%,11.46%,4
189,Louisiana,"Regions 4, 5, and 6",8.90%,7.12%,11.08%,4
190,Louisiana,Regions 7 and 8,10.80%,8.89%,13.06%,4
191,Maine,Maine,20.37%,18.58%,22.30%,3
192,Maine,Aroostook/Downeast,19.17%,16.05%,22.74%,5
193,Maine,Aroostook,17.62%,14.08%,21.83%,4
194,Maine,Downeast,20.43%,16.03%,25.67%,4
195,Maine,Central,20.26%,16.67%,24.40%,4
196,Maine,Cumberland,21.59%,18.50%,25.03%,4
197,Maine,Midcoast,19.85%,16.28%,23.98%,4
198,Maine,Penquis,20.43%,16.92%,24.46%,4
199,Maine,Western,21.00%,17.65%,24.80%,4
200,Maine,York,19.42%,16.02%,23.35%,4
201,Maryland,Maryland,15.17%,13.72%,16.75%,3
202,Maryland,Anne Arundel,15.30%,12.25%,18.93%,4
203,Maryland,Baltimore City,21.00%,17.52%,24.96%,4
204,Maryland,Baltimore County,14.46%,11.66%,17.81%,4
205,Maryland,Montgomery,12.57%,10.29%,15.27%,4
206,Maryland,North Central,12.16%,9.61%,15.28%,4
207,Maryland,Northeast,15.66%,12.47%,19.49%,4
208,Maryland,Prince George's,18.27%,15.23%,21.76%,4
209,Maryland,South,12.75%,10.10%,15.98%,4
210,Maryland,West,14.09%,11.30%,17.44%,4
211,Massachusetts,Massachusetts,18.57%,16.95%,20.30%,3
212,Massachusetts,Boston,23.03%,19.25%,27.29%,4
213,Massachusetts,Central,17.13%,14.11%,20.64%,4
214,Massachusetts,Metrowest,18.70%,16.01%,21.73%,4
215,Massachusetts,Northeast,16.67%,14.15%,19.54%,4
216,Massachusetts,Southeast,17.24%,14.30%,20.63%,4
217,Massachusetts,Western,20.35%,16.99%,24.19%,4
218,Michigan,Michigan,15.46%,14.48%,16.50%,3
219,Michigan,Region 1,14.93%,11.97%,18.47%,4
220,Michigan,Region 2,11.76%,9.20%,14.91%,4
221,Michigan,Region 3,15.86%,13.77%,18.20%,4
222,Michigan,Region 4,14.97%,12.74%,17.51%,4
223,Michigan,Region 5,15.13%,13.31%,17.14%,4
224,Michigan,Region 6,16.49%,13.92%,19.43%,4
225,Michigan,Region 7,16.91%,14.80%,19.26%,4
226,Michigan,Region 8,14.37%,12.30%,16.72%,4
227,Michigan,Region 9,16.22%,13.73%,19.07%,4
228,Michigan,Region 10,15.39%,12.85%,18.32%,4
229,Minnesota,Minnesota,12.73%,11.42%,14.16%,3
230,Minnesota,Regions 1 and 2,12.45%,10.02%,15.36%,5
231,Minnesota,Region 1,10.99%,8.24%,14.52%,4
232,Minnesota,Region 2,13.33%,10.17%,17.29%,4
233,Minnesota,Regions 3 and 4,11.57%,9.62%,13.84%,5
234,Minnesota,Region 3,11.81%,8.84%,15.61%,4
235,Minnesota,Region 4,11.44%,9.20%,14.13%,4
236,Minnesota,Regions 5 and 6,11.18%,9.32%,13.35%,5
237,Minnesota,Region 5,10.65%,8.41%,13.40%,4
238,Minnesota,Region 6,11.71%,9.16%,14.86%,4
239,Minnesota,Region 7,13.67%,12.08%,15.43%,5
240,Minnesota,Region 7A (Hennepin),15.92%,13.45%,18.73%,4
241,Minnesota,Region 7B (Ramsey),13.34%,10.60%,16.65%,4
242,Minnesota,Region 7C,11.57%,9.56%,13.93%,4
243,Mississippi,Mississippi,9.21%,8.11%,10.44%,3
244,Mississippi,Region 1,10.10%,8.31%,12.23%,4
245,Mississippi,Region 2,10.03%,7.83%,12.76%,4
246,Mississippi,Region 3,7.88%,6.14%,10.05%,4
247,Mississippi,Region 4,9.41%,7.51%,11.73%,4
248,Mississippi,Region 5,9.79%,7.22%,13.14%,4
249,Mississippi,Region 6,8.92%,6.93%,11.41%,4
250,Mississippi,Region 7,8.23%,6.37%,10.59%,4
251,Missouri,Missouri,13.27%,11.90%,14.77%,3
252,Missouri,Central,11.93%,9.66%,14.65%,4
253,Missouri,Eastern,14.46%,12.52%,16.65%,5
254,Missouri,Eastern (St. Louis City and County),15.75%,13.19%,18.69%,4
255,Missouri,Eastern (excluding St. Louis),12.27%,9.94%,15.06%,4
256,Missouri,Northwest,14.75%,12.62%,17.17%,5
257,Missouri,Northwest (Jackson),17.25%,14.17%,20.84%,4
258,Missouri,Northwest (excluding Jackson),12.64%,10.19%,15.59%,4
259,Missouri,Southeast,10.86%,8.55%,13.71%,4
260,Missouri,Southwest,11.30%,9.02%,14.07%,4
261,Montana,Montana,16.98%,15.43%,18.65%,3
262,Montana,Region 1,12.66%,9.83%,16.17%,4
263,Montana,Region 2,13.79%,11.19%,16.87%,4
264,Montana,Region 3,13.62%,11.33%,16.29%,4
265,Montana,Region 4,18.91%,16.31%,21.82%,4
266,Montana,Region 5,20.16%,17.55%,23.05%,4
267,Nebraska,Nebraska,11.11%,9.88%,12.48%,3
268,Nebraska,Regions 1 and 2,9.37%,7.38%,11.83%,5
269,Nebraska,Region 1,9.76%,7.27%,12.97%,4
270,Nebraska,Region 2,9.03%,6.62%,12.21%,4
271,Nebraska,Region 3,9.04%,7.17%,11.34%,4
272,Nebraska,Region 4,8.21%,6.33%,10.59%,4
273,Nebraska,Region 5,11.62%,9.62%,13.97%,4
274,Nebraska,Region 6,12.61%,10.80%,14.67%,4
275,Nevada,Nevada,13.05%,11.62%,14.62%,3
276,Nevada,Clark - Region 1,12.60%,11.02%,14.37%,4
277,Nevada,Region 3,11.91%,9.43%,14.94%,5
278,Nevada,Capital District,12.93%,9.51%,17.36%,4
279,Nevada,Rural/Frontier,10.99%,8.28%,14.44%,4
280,Nevada,Washoe - Region 2,16.02%,13.22%,19.27%,4
281,New Hampshire,New Hampshire,17.98%,16.35%,19.72%,3
282,New Hampshire,Central,17.31%,15.08%,19.78%,4
283,New Hampshire,Central 1,19.36%,16.30%,22.83%,5
284,New Hampshire,Central 2,15.30%,12.56%,18.51%,5
285,New Hampshire,Northern,20.63%,17.13%,24.62%,4
286,New Hampshire,Southern,17.72%,15.78%,19.83%,4
287,New Hampshire,Southern 1 (Rockingham),16.05%,13.43%,19.08%,5
288,New Hampshire,Southern 2,18.76%,16.33%,21.45%,5
289,New Jersey,New Jersey,12.16%,11.06%,13.35%,3
290,New Jersey,Central,11.63%,9.80%,13.74%,4
291,New Jersey,Metropolitan,11.60%,9.75%,13.74%,4
292,New Jersey,Northern,11.86%,10.30%,13.62%,4
293,New Jersey,Southern,13.87%,11.89%,16.12%,4
294,New Mexico,New Mexico,16.02%,14.41%,17.78%,3
295,New Mexico,Region 1,14.45%,11.84%,17.51%,4
296,New Mexico,Region 2,19.51%,15.80%,23.84%,4
297,New Mexico,Region 3 (Bernalillo),17.78%,15.30%,20.56%,4
298,New Mexico,Region 4,12.70%,10.12%,15.83%,4
299,New Mexico,Region 5,14.35%,12.08%,16.95%,5
300,New Mexico,Region 5a,15.53%,12.42%,19.25%,4
301,New Mexico,Region 5b (Dona Ana),13.27%,10.50%,16.64%,4
302,New York,New York,14.99%,14.12%,15.90%,3
303,New York,Region 1: Long Island,13.55%,11.84%,15.45%,4
304,New York,Region 2: New York City,15.45%,14.20%,16.79%,5
305,New York,Region 2A: Bronx,11.53%,9.56%,13.85%,4
306,New York,Region 2B: Kings,17.17%,14.98%,19.60%,4
307,New York,Region 2C: New York,22.69%,19.81%,25.86%,4
308,New York,Region 2D: Queens,11.18%,9.39%,13.27%,4
309,New York,Region 2E: Richmond,12.20%,9.73%,15.18%,4
310,New York,Region 3: Mid-Hudson,12.86%,11.07%,14.88%,4
311,New York,Region 4: Capital Region,18.14%,15.42%,21.22%,4
312,New York,Region 5: Mohawk Valley,13.92%,10.99%,17.48%,4
313,New York,Region 6: North Country,15.54%,12.42%,19.27%,4
314,New York,Region 7: Tug Hill Seaway,12.34%,9.64%,15.66%,4
315,New York,Region 8: Central,15.25%,12.94%,17.88%,4
316,New York,Region 9: Southern Tier,16.96%,13.93%,20.50%,4
317,New York,Region 10: Finger Lakes,15.43%,13.24%,17.90%,4
318,New York,Region 11: Western,15.73%,13.82%,17.84%,4
319,North Carolina,North Carolina,12.01%,10.94%,13.17%,3
320,North Carolina,Alliance Behavioral Healthcare 1,12.29%,9.94%,15.10%,4
321,North Carolina,Alliance Behavioral Healthcare 2,12.16%,9.83%,14.96%,4
322,North Carolina,Cardinal Innovations Healthcare Solutions 1,11.13%,8.89%,13.85%,4
323,North Carolina,Cardinal Innovations Healthcare Solutions 2,10.89%,8.69%,13.56%,4
324,North Carolina,Cardinal Innovations Healthcare Solutions 3,14.02%,11.58%,16.87%,4
325,North Carolina,CenterPoint Human Services,11.36%,8.96%,14.30%,4
326,North Carolina,Eastpointe,9.89%,7.84%,12.41%,4
327,North Carolina,Partners Behavioral Health Management,11.86%,9.47%,14.75%,4
328,North Carolina,Sandhills Center 1,11.99%,9.34%,15.26%,4
329,North Carolina,Sandhills Center 2,14.04%,11.15%,17.54%,4
330,North Carolina,Smoky Mountain Center 1,11.58%,9.27%,14.37%,4
331,North Carolina,Smoky Mountain Center 2,10.30%,7.96%,13.23%,4
332,North Carolina,Trillium Healthcare Resources 1,12.17%,9.89%,14.89%,4
333,North Carolina,Trillium Healthcare Resources 2,14.17%,11.26%,17.68%,4
334,North Dakota,North Dakota,9.65%,8.59%,10.83%,3
335,North Dakota,Badlands and West Central,9.16%,7.62%,10.97%,5
336,North Dakota,Badlands,7.88%,5.76%,10.71%,4
337,North Dakota,West Central,9.53%,7.79%,11.61%,4
338,North Dakota,Lake Region,7.65%,5.64%,10.31%,4
339,North Dakota,North Central,9.90%,7.78%,12.52%,4
340,North Dakota,Northeast,12.34%,10.16%,14.91%,4
341,North Dakota,Northwest,9.18%,6.71%,12.44%,4
342,North Dakota,South Central,6.96%,5.13%,9.38%,4
343,North Dakota,Southeast,10.04%,8.45%,11.88%,4
344,Ohio,Ohio,12.75%,11.87%,13.70%,3
345,Ohio,"Boards 2, 46, 55, and 68",10.31%,8.03%,13.14%,4
346,Ohio,"Boards 3, 52, and 85",9.82%,7.48%,12.78%,4
347,Ohio,Boards 4 and 78,10.44%,8.15%,13.28%,4
348,Ohio,Boards 5 and 60,13.74%,10.98%,17.07%,4
349,Ohio,"Boards 7, 15, 41, 79, and 84",10.39%,8.02%,13.35%,4
350,Ohio,"Boards 8, 13, and 83",9.19%,7.06%,11.88%,4
351,Ohio,Board 9 (Butler),13.55%,10.82%,16.85%,4
352,Ohio,Board 12,11.69%,9.18%,14.78%,4
353,Ohio,Boards 18 and 47,14.33%,12.34%,16.57%,4
354,Ohio,"Boards 20, 32, 54, and 69",9.18%,7.19%,11.65%,4
355,Ohio,"Boards 21, 39, 51, 70, and 80",10.02%,7.91%,12.62%,4
356,Ohio,"Boards 22, 74, and 87",11.82%,9.49%,14.63%,4
357,Ohio,Boards 23 and 45,10.75%,8.52%,13.47%,4
358,Ohio,Board 25 (Franklin),16.33%,14.04%,18.91%,4
359,Ohio,"Boards 27, 71, and 73",12.27%,9.71%,15.40%,4
360,Ohio,"Boards 28, 43, and 67",10.51%,8.34%,13.17%,4
361,Ohio,Board 31 (Hamilton),17.02%,14.43%,19.98%,4
362,Ohio,Board 48 (Lucas),14.90%,11.92%,18.47%,4
363,Ohio,Boards 50 and 76,12.69%,10.39%,15.41%,4
364,Ohio,Board 57 (Montgomery),13.62%,10.93%,16.86%,4
365,Ohio,Board 77 (Summit),11.75%,9.35%,14.67%,4
366,Oklahoma,Oklahoma,11.02%,9.78%,12.40%,3
367,Oklahoma,Central,10.90%,8.66%,13.63%,4
368,Oklahoma,East Central,8.11%,6.22%,10.52%,4
369,Oklahoma,Northeast,10.45%,8.14%,13.33%,4
370,Oklahoma,Northwest and Southwest,12.02%,9.59%,14.97%,4
371,Oklahoma,Oklahoma County,12.59%,10.26%,15.36%,4
372,Oklahoma,Southeast,8.97%,7.00%,11.42%,4
373,Oklahoma,Tulsa County,12.58%,10.23%,15.38%,4
374,Oregon,Oregon,21.41%,19.73%,23.20%,3
375,Oregon,Region 1 (Multnomah),28.61%,25.09%,32.42%,4
376,Oregon,Region 2,18.67%,16.05%,21.60%,4
377,Oregon,Region 3,20.86%,18.27%,23.71%,4
378,Oregon,Region 4,19.18%,16.12%,22.66%,4
379,Oregon,Region 5 (Central),18.76%,14.47%,23.97%,4
380,Oregon,Region 6 (Eastern),18.99%,15.23%,23.42%,4
381,Pennsylvania,Pennsylvania,12.90%,12.01%,13.84%,3
382,Pennsylvania,Region 1 (Allegheny),15.26%,12.95%,17.90%,4
383,Pennsylvania,"Regions 3, 8, 9, and 51",11.93%,9.80%,14.46%,4
384,Pennsylvania,"Regions 4, 11, 37, and 49",12.54%,10.18%,15.36%,4
385,Pennsylvania,"Regions 5, 18, 23, 24, and 46",9.41%,7.58%,11.63%,4
386,Pennsylvania,"Regions 6, 12, 16, 31, 35, 45, and 47",14.37%,11.85%,17.32%,4
387,Pennsylvania,"Regions 7, 13, 20, and 33",12.74%,11.15%,14.53%,4
388,Pennsylvania,"Regions 10, 15, 27, 32, 43, and 44",8.89%,6.83%,11.51%,4
389,Pennsylvania,Regions 17 and 21,11.21%,8.76%,14.24%,4
390,Pennsylvania,"Regions 19, 26, 28, and 42",9.98%,8.37%,11.86%,4
391,Pennsylvania,"Regions 22, 38, 40, 41, and 48",9.82%,7.83%,12.25%,4
392,Pennsylvania,Regions 29 and 34,11.49%,9.07%,14.45%,4
393,Pennsylvania,Regions 30 and 50,11.29%,9.02%,14.05%,4
394,Pennsylvania,Region 36 (Philadelphia),20.41%,17.66%,23.47%,4
395,Rhode Island,Rhode Island,19.72%,17.97%,21.59%,3
396,Rhode Island,Region 1: Southern Providence County,17.99%,14.88%,21.59%,4
397,Rhode Island,Region 2: Northern Providence County/Blackstone Valley,18.55%,15.59%,21.92%,4
398,Rhode Island,Region 3: Providence,22.06%,18.55%,26.04%,4
399,Rhode Island,Region 4: Kent County,17.63%,14.57%,21.17%,4
400,Rhode Island,Region 5: East Bay,23.51%,19.42%,28.16%,4
401,Rhode Island,Region 6: Newport County,19.06%,15.37%,23.39%,4
402,Rhode Island,Region 7: South County,21.45%,17.88%,25.53%,4
403,South Carolina,South Carolina,11.34%,10.12%,12.69%,3
404,South Carolina,Region 1,9.59%,7.92%,11.58%,4
405,South Carolina,Region 2,12.52%,10.48%,14.90%,4
406,South Carolina,Region 3,10.30%,8.27%,12.77%,4
407,South Carolina,Region 4,12.97%,10.96%,15.29%,4
408,South Dakota,South Dakota,11.12%,9.87%,12.50%,3
409,South Dakota,Region 1,14.14%,11.84%,16.81%,4
410,South Dakota,Region 2,9.88%,7.46%,12.98%,4
411,South Dakota,Region 3,9.59%,7.82%,11.71%,4
412,South Dakota,Region 4,11.66%,9.45%,14.31%,4
413,South Dakota,Region 5,9.90%,8.10%,12.04%,4
414,Tennessee,Tennessee,11.87%,10.60%,13.26%,3
415,Tennessee,Region 1,10.36%,8.02%,13.30%,4
416,Tennessee,Region 2,10.65%,8.55%,13.19%,4
417,Tennessee,Region 3,9.97%,8.02%,12.34%,4
418,Tennessee,Region 4 (Davidson),15.15%,12.06%,18.85%,4
419,Tennessee,Region 5,14.00%,11.70%,16.68%,4
420,Tennessee,Region 6,9.67%,7.48%,12.42%,4
421,Tennessee,Region 7 (Shelby),11.89%,9.48%,14.80%,4
422,Texas,Texas,10.08%,9.38%,10.83%,3
423,Texas,Region 1,9.51%,7.48%,12.03%,4
424,Texas,Region 2,12.15%,9.66%,15.18%,4
425,Texas,Region 3,9.59%,8.59%,10.71%,4
426,Texas,Region 3a,9.51%,8.30%,10.88%,5
427,Texas,Region 3bc,9.74%,8.24%,11.48%,5
428,Texas,Region 4,9.32%,7.51%,11.52%,4
429,Texas,Region 5,10.53%,8.24%,13.36%,4
430,Texas,Region 6,9.63%,8.46%,10.95%,4
431,Texas,Region 6a,9.60%,8.36%,11.01%,5
432,Texas,Region 6bc,9.92%,7.64%,12.79%,5
433,Texas,Region 7,14.65%,12.95%,16.53%,4
434,Texas,Region 7a,15.81%,13.56%,18.35%,5
435,Texas,Region 7bcd,12.60%,10.43%,15.16%,5
436,Texas,Region 8,10.02%,8.46%,11.83%,4
437,Texas,Region 9,10.79%,8.36%,13.83%,4
438,Texas,Region 10,7.81%,6.16%,9.85%,4
439,Texas,Region 11,6.86%,5.73%,8.20%,4
440,Texas,Region 11abd,6.92%,5.56%,8.60%,5
441,Texas,Region 11c (Hidalgo),6.76%,5.21%,8.74%,5
442,Utah,Utah,9.60%,8.53%,10.80%,3
443,Utah,"Bear River, Northeastern, Summit, Tooele, and Wasatch",9.03%,6.90%,11.74%,4
444,Utah,"Central, Four Corners, San Juan, and Southwest",8.83%,7.01%,11.08%,5
445,Utah,"Central, Four Corners, and San Juan",7.96%,5.78%,10.87%,4
446,Utah,Southwest,9.37%,7.06%,12.34%,4
447,Utah,Davis County,8.12%,6.13%,10.68%,4
448,Utah,Salt Lake County,11.45%,9.84%,13.30%,4
449,Utah,Utah County,8.09%,6.35%,10.26%,4
450,Utah,"Weber, Morgan",8.44%,6.50%,10.88%,4
451,Vermont,Vermont,21.19%,19.43%,23.07%,3
452,Vermont,Champlain Valley,22.78%,20.39%,25.35%,4
453,Vermont,Rural Northeast,22.07%,18.54%,26.06%,4
454,Vermont,Rural Southeast,19.15%,16.25%,22.42%,4
455,Vermont,Rural Southwest,18.49%,15.31%,22.15%,4
456,Virginia,Virginia,11.39%,10.39%,12.48%,3
457,Virginia,Region 1,11.03%,9.14%,13.24%,4
458,Virginia,Region 2,8.89%,7.49%,10.51%,4
459,Virginia,Region 3,10.84%,9.09%,12.87%,4
460,Virginia,Region 4,13.12%,11.10%,15.45%,4
461,Virginia,Region 5,13.96%,12.01%,16.17%,4
462,Washington,Washington,18.63%,16.93%,20.46%,3
463,Washington,Region 1,17.08%,14.59%,19.90%,4
464,Washington,Greater Columbia and North Central,14.54%,11.81%,17.78%,5
465,Washington,Spokane,20.82%,16.70%,25.64%,5
466,Washington,Region 2,18.74%,16.53%,21.17%,4
467,Washington,King,19.03%,16.33%,22.06%,5
468,Washington,North Sound,18.22%,15.05%,21.89%,5
469,Washington,Region 3,19.52%,17.23%,22.03%,4
470,Washington,Pierce,21.33%,17.90%,25.21%,5
471,Washington,Salish,17.95%,13.87%,22.91%,5
472,Washington,SW WA and Great Rivers,18.47%,14.86%,22.71%,5
473,Washington,Thurston-Mason,19.12%,14.64%,24.57%,5
474,West Virginia,West Virginia,11.26%,10.02%,12.63%,3
475,West Virginia,Region I,10.11%,7.79%,13.03%,4
476,West Virginia,Region II,9.94%,7.81%,12.57%,4
477,West Virginia,Region III,11.08%,8.61%,14.14%,4
478,West Virginia,Region IV,14.00%,11.71%,16.67%,4
479,West Virginia,Region V,11.36%,9.36%,13.71%,4
480,West Virginia,Region VI,9.39%,7.45%,11.77%,4
481,Wisconsin,Wisconsin,12.31%,11.06%,13.68%,3
482,Wisconsin,Milwaukee,16.06%,13.40%,19.12%,4
483,Wisconsin,Northeastern,9.18%,7.35%,11.42%,4
484,Wisconsin,Northern,9.52%,7.31%,12.31%,4
485,Wisconsin,Southeastern,11.48%,9.53%,13.76%,4
486,Wisconsin,Southern,13.64%,11.38%,16.25%,4
487,Wisconsin,Western,13.97%,11.44%,16.95%,4
488,Wyoming,Wyoming,11.13%,9.85%,12.56%,3
489,Wyoming,Judicial District 1 (Laramie),12.38%,10.08%,15.11%,4
490,Wyoming,Judicial District 2,16.04%,13.21%,19.33%,4
491,Wyoming,Judicial District 3,8.96%,6.95%,11.49%,4
492,Wyoming,Judicial District 4,9.60%,7.14%,12.80%,4
493,Wyoming,Judicial District 5,7.81%,5.92%,10.25%,4
494,Wyoming,Judicial District 6,9.34%,7.24%,11.96%,4
495,Wyoming,Judicial District 7 (Natrona),10.89%,8.61%,13.68%,4
496,Wyoming,Judicial District 8,9.74%,7.45%,12.64%,4
497,Wyoming,Judicial District 9,14.00%,11.06%,17.55%,4
